Patient_ID,Age,Gender,Noise_Exposure,Avg_Noise_dB,Hours_Per_Day,Years_Exposed,Hearing_Protection,Daily_Dose_Pct,Noise_Years,Threshold_4kHz_dB,Ear_Condition,Headphone_Volume,Family_History_Risk
1,50,Male,Very Loud,113,6.1,15,Yes,1537.1,230.6,60.4,Damaged,High,No
2,45,Female,Loud,97,2.0,3,No,400.0,12.0,43.7,Damaged,High,No
3,41,Male,Moderate,77,1.6,14,No,3.1,0.4,5.4,Healthy,Moderate,No
4,18,Male,Moderate,77,12.0,2,No,23.6,0.5,16.1,Healthy,Low,Yes
5,48,Female,Very Loud,102,4.8,27,No,3047.8,822.9,69.5,Damaged,Low,No
6,18,Female,Moderate,80,6.7,2,No,26.4,0.5,18.4,Healthy,High,Yes
7,56,Female,Loud,94,5.7,11,No,570.0,62.7,62.2,Damaged,High,Yes
8,51,Male,Quiet,68,3.5,2,No,0.9,0.0,9.0,Healthy,Low,No
9,54,Female,Moderate,78,8.9,3,No,22.1,0.7,4.8,Healthy,Low,No
10,54,Male,Quiet,60,3.8,3,No,0.1,0.0,6.1,Healthy,Moderate,No
11,46,Male,Quiet,60,7.4,1,No,0.3,0.0,15.0,Healthy,High,No
12,34,Male,Very Loud,106,2.7,18,No,4320.0,777.6,46.6,Damaged,Moderate,No
13,37,Male,Quiet,64,2.0,21,No,0.2,0.0,-4.8,Healthy,Low,Yes
14,65,Female,Very Loud,113,1.6,1,Yes,403.2,4.0,32.9,Damaged,Moderate,No
15,33,Male,Very Loud,107,3.4,2,No,6854.0,137.1,54.0,Damaged,Moderate,No
16,39,Male,Loud,86,5.5,12,No,86.6,10.4,35.8,Damaged,Low,No
17,31,Male,Moderate,77,1.9,3,No,3.7,0.1,5.8,Healthy,High,No
18,34,Male,Very Loud,112,3.8,8,No,24320.0,1945.6,63.8,Damaged,Low,No
19,37,Male,Moderate,79,4.0,2,No,12.5,0.2,11.8,Healthy,Low,Yes
20,46,Male,Quiet,63,6.7,22,No,0.5,0.1,14.4,Healthy,Moderate,Yes
21,38,Male,Very Loud,114,2.2,22,No,22350.6,4917.1,49.9,Damaged,Low,No
22,37,Male,Loud,86,4.2,19,No,66.1,12.6,39.9,Damaged,Moderate,Yes
23,33,Female,Moderate,79,2.9,17,No,9.1,1.5,13.8,Healthy,High,No
24,43,Female,Loud,99,4.0,27,No,1269.9,342.9,54.0,Damaged,Low,No
25,22,Male,Loud,92,4.4,6,No,277.2,16.6,36.5,Damaged,Low,No
26,43,Male,Quiet,64,9.8,12,No,1.0,0.1,17.1,Healthy,Low,No
27,62,Male,Moderate,83,7.1,30,No,55.9,16.8,52.5,Damaged,High,No
28,30,Male,Quiet,64,4.9,14,No,0.5,0.1,5.7,Healthy,Moderate,No
29,41,Male,Very Loud,110,6.6,16,No,26609.5,4257.5,51.7,Damaged,Moderate,No
30,84,Male,Very Loud,110,4.1,12,No,16530.2,1983.6,70.7,Damaged,Moderate,Yes
31,27,Male,Loud,89,1.3,3,Yes,1.3,0.0,6.7,Healthy,Moderate,No
32,18,Male,Moderate,84,1.8,2,No,17.9,0.4,15.6,Healthy,High,No
33,36,Female,Quiet,66,2.0,20,No,0.3,0.1,15.6,Healthy,Low,No
34,69,Male,Quiet,66,4.7,23,No,0.7,0.2,18.0,Healthy,Low,Yes
35,73,Female,Quiet,69,8.6,12,No,2.7,0.3,26.4,Damaged,Moderate,No
36,24,Male,Loud,97,4.5,4,Yes,28.1,1.1,10.1,Healthy,High,No
37,51,Male,Moderate,76,1.8,8,No,2.8,0.2,7.5,Healthy,Moderate,No
38,42,Male,Moderate,80,5.4,23,No,21.3,4.9,21.9,Healthy,Low,Yes
39,33,Male,Moderate,77,1.3,7,No,2.6,0.2,2.5,Healthy,Low,No
40,18,Female,Quiet,70,2.5,2,No,1.0,0.0,1.7,Healthy,Low,Yes
41,57,Female,Loud,88,3.0,13,Yes,2.3,0.3,1.5,Healthy,Low,No
42,29,Male,Loud,95,6.2,13,No,781.2,101.6,57.8,Damaged,Moderate,No
43,46,Female,Quiet,60,1.2,21,No,0.0,0.0,16.8,Healthy,Moderate,Yes
44,43,Female,Loud,99,1.6,11,No,508.0,55.9,63.8,Damaged,Moderate,No
45,70,Female,Loud,92,4.0,33,Yes,7.9,2.6,30.6,Damaged,High,Yes
46,60,Male,Moderate,76,6.1,34,No,9.5,3.2,17.7,Healthy,Low,No
47,25,Male,Moderate,77,3.4,9,No,6.7,0.6,7.0,Healthy,High,No
48,38,Female,Quiet,68,4.6,7,No,1.1,0.1,12.4,Healthy,Low,No
49,58,Male,Moderate,83,4.9,25,No,38.6,9.6,38.8,Damaged,Moderate,No
50,22,Female,Loud,96,1.1,6,Yes,5.5,0.3,0.9,Healthy,Low,No
51,36,Female,Loud,87,2.9,9,No,57.5,5.2,24.7,Healthy,Low,No
52,45,Female,Moderate,78,1.1,5,No,2.7,0.1,8.2,Healthy,Low,No
53,18,Female,Quiet,65,2.1,2,No,0.3,0.0,3.6,Healthy,Moderate,Yes
54,23,Male,Quiet,67,5.6,7,No,1.1,0.1,14.2,Healthy,High,No
55,18,Female,Quiet,60,2.4,2,No,0.1,0.0,2.6,Healthy,Moderate,Yes
56,46,Female,Moderate,79,8.0,20,No,25.0,5.0,24.7,Healthy,Moderate,No
57,34,Female,Loud,96,6.1,1,No,968.3,9.7,24.2,Healthy,Moderate,No
58,56,Female,Moderate,81,5.2,16,No,25.8,4.1,22.3,Healthy,Low,Yes
59,44,Female,Loud,88,3.3,13,Yes,2.6,0.3,10.0,Healthy,Low,No
60,51,Male,Quiet,60,2.3,3,No,0.1,0.0,11.5,Healthy,Low,No
61,41,Male,Loud,97,3.0,12,No,600.0,72.0,49.4,Damaged,High,No
62,53,Female,Quiet,70,5.0,9,No,2.0,0.2,30.8,Damaged,High,Yes
63,40,Male,Very Loud,113,4.1,24,No,33060.3,7934.5,64.5,Damaged,High,No
64,27,Female,Very Loud,105,5.2,11,Yes,206.4,22.7,40.5,Damaged,Low,No
65,60,Male,Quiet,63,3.3,21,No,0.3,0.1,14.5,Healthy,High,No
66,57,Male,Loud,96,3.8,7,Yes,18.9,1.3,27.9,Damaged,Low,Yes
67,76,Female,Loud,98,1.5,9,No,378.0,34.0,54.1,Damaged,Moderate,No
68,40,Male,Quiet,72,10.6,21,No,6.6,1.4,18.7,Healthy,Moderate,No
69,33,Female,Moderate,83,3.4,13,No,26.8,3.5,19.4,Healthy,Low,No
70,20,Female,Moderate,76,7.7,4,No,12.0,0.5,10.5,Healthy,Low,Yes
71,18,Female,Moderate,82,2.0,2,No,12.5,0.2,4.3,Healthy,Low,No
72,22,Male,Loud,94,2.2,6,Yes,6.9,0.4,6.7,Healthy,Low,Yes
73,49,Female,Quiet,74,3.1,2,No,3.1,0.1,13.2,Healthy,Low,No
74,29,Female,Quiet,69,6.8,13,No,2.1,0.3,10.3,Healthy,Low,No
75,18,Male,Very Loud,112,1.7,2,Yes,340.0,6.8,20.0,Healthy,Moderate,No
76,51,Female,Quiet,73,7.6,11,No,5.9,0.6,9.5,Healthy,Moderate,No
77,33,Male,Quiet,74,6.5,17,No,6.4,1.1,10.9,Healthy,Moderate,No
78,37,Male,Moderate,79,0.5,1,No,1.6,0.0,8.2,Healthy,Moderate,No
79,36,Male,Loud,96,8.5,20,No,1349.3,269.9,55.7,Damaged,Moderate,No
80,40,Female,Loud,90,5.1,24,Yes,6.3,1.5,17.1,Healthy,Low,Yes
81,49,Male,Quiet,73,5.8,32,No,4.5,1.4,34.4,Damaged,High,No
82,18,Female,Quiet,70,2.6,2,No,1.0,0.0,1.8,Healthy,Low,No
83,39,Male,Moderate,79,3.8,23,No,11.9,2.7,12.9,Healthy,Moderate,No
84,34,Female,Quiet,70,8.1,9,No,3.2,0.3,13.2,Healthy,Moderate,No
85,59,Male,Quiet,64,0.5,5,No,0.0,0.0,24.3,Healthy,High,No
86,26,Female,Quiet,67,5.8,10,No,1.1,0.1,6.1,Healthy,High,No
87,67,Female,Moderate,79,7.1,16,No,22.2,3.6,24.0,Healthy,Moderate,No
88,51,Male,Quiet,60,3.4,7,No,0.1,0.0,19.7,Healthy,High,Yes
89,66,Male,Moderate,78,1.9,10,No,4.7,0.5,28.0,Damaged,Low,No
90,31,Female,Very Loud,106,8.9,15,No,14240.0,2136.0,60.2,Damaged,Low,No
91,54,Male,Moderate,77,7.2,13,No,14.2,1.8,14.9,Healthy,Low,No
92,47,Female,Loud,90,4.0,26,Yes,5.0,1.3,17.5,Healthy,Moderate,No
93,20,Male,Quiet,67,2.6,4,No,0.5,0.0,3.3,Healthy,Moderate,No
94,38,Male,Very Loud,103,3.4,20,No,2720.0,544.0,61.4,Damaged,Moderate,No
95,35,Male,Very Loud,103,10.2,11,Yes,255.0,28.0,49.6,Damaged,High,No
96,28,Male,Moderate,81,5.2,12,No,25.8,3.1,25.9,Damaged,High,No
97,30,Female,Quiet,69,6.8,14,No,2.1,0.3,15.1,Healthy,Moderate,No
98,20,Male,Loud,96,6.1,4,No,968.3,38.7,52.1,Damaged,Moderate,No
99,35,Female,Moderate,78,9.7,19,No,24.1,4.6,17.3,Healthy,Moderate,No
100,47,Female,Loud,88,2.4,8,Yes,1.9,0.2,15.6,Healthy,Moderate,No
101,30,Female,Very Loud,107,4.1,14,No,8265.1,1157.1,57.7,Damaged,Moderate,No
102,19,Female,Moderate,82,6.0,3,No,37.5,1.1,15.8,Healthy,Moderate,No
103,58,Male,Very Loud,108,1.7,33,Yes,134.9,44.5,55.6,Damaged,Low,No
104,36,Male,Moderate,78,1.2,4,No,3.0,0.1,10.0,Healthy,Low,No
105,42,Male,Moderate,77,4.5,16,No,8.9,1.4,21.3,Healthy,Moderate,Yes
106,38,Female,Very Loud,108,1.8,7,No,4571.7,320.0,56.6,Damaged,Low,Yes
107,34,Female,Quiet,61,8.4,18,No,0.4,0.1,15.5,Healthy,Moderate,No
108,51,Female,Moderate,84,2.4,11,No,23.8,2.6,18.7,Healthy,Low,No
109,34,Female,Quiet,63,2.6,18,No,0.2,0.0,2.7,Healthy,Low,No
110,42,Female,Quiet,64,2.3,13,No,0.2,0.0,5.4,Healthy,Moderate,No
111,20,Male,Quiet,66,2.7,4,No,0.4,0.0,-1.0,Healthy,Low,No
112,18,Male,Quiet,65,5.2,2,No,0.6,0.0,9.5,Healthy,High,No
113,36,Female,Quiet,71,4.0,9,No,2.0,0.2,1.8,Healthy,High,No
114,71,Female,Loud,99,2.5,4,No,793.7,31.7,59.8,Damaged,High,No
115,45,Male,Loud,93,2.5,8,No,198.4,15.9,41.8,Damaged,High,No
116,71,Female,Quiet,68,1.3,10,No,0.3,0.0,9.1,Healthy,High,No
117,49,Male,Moderate,82,1.1,20,No,6.9,1.4,20.4,Healthy,High,No
118,49,Male,Moderate,81,5.0,31,No,24.8,7.7,32.3,Damaged,Low,Yes
119,33,Female,Quiet,73,2.4,4,No,1.9,0.1,6.1,Healthy,High,No
120,42,Female,Quiet,65,6.6,13,No,0.8,0.1,6.2,Healthy,High,No
121,69,Male,Loud,90,7.1,20,No,281.8,56.4,64.9,Damaged,Low,No
122,60,Female,Moderate,78,4.3,26,No,10.7,2.8,24.2,Healthy,Moderate,No
123,33,Male,Moderate,80,5.0,5,No,19.7,1.0,1.9,Healthy,Low,No
124,35,Female,Moderate,83,2.5,12,No,19.7,2.4,21.4,Healthy,High,No
125,62,Male,Very Loud,106,2.5,25,Yes,125.0,31.2,53.0,Damaged,Low,No
126,34,Male,Very Loud,104,3.0,17,Yes,94.5,16.1,46.1,Damaged,Moderate,No
127,56,Male,Moderate,83,2.7,18,No,21.3,3.8,22.8,Healthy,High,No
128,28,Male,Moderate,83,6.5,12,No,51.2,6.1,25.4,Damaged,Low,No
129,51,Female,Loud,92,2.8,15,No,176.4,26.5,57.6,Damaged,High,No
130,65,Male,Moderate,79,6.7,16,No,20.9,3.3,26.5,Damaged,Moderate,Yes
131,55,Male,Moderate,79,3.6,32,No,11.2,3.6,28.7,Damaged,Moderate,Yes
132,46,Male,Quiet,64,5.0,9,No,0.5,0.0,9.2,Healthy,Moderate,No
133,44,Female,Loud,95,2.5,15,No,315.0,47.2,67.0,Damaged,High,No
134,41,Female,Moderate,84,2.4,20,No,23.8,4.8,26.1,Damaged,High,No
135,42,Female,Loud,98,6.1,26,No,1537.1,399.6,59.4,Damaged,Moderate,No
136,60,Male,Quiet,62,3.1,11,No,0.2,0.0,17.6,Healthy,Low,No
137,59,Female,Quiet,69,4.7,27,No,1.5,0.4,5.3,Healthy,Low,No
138,48,Female,Loud,88,1.6,32,No,40.0,12.8,33.3,Damaged,Low,No
139,23,Male,Quiet,61,2.3,7,No,0.1,0.0,7.7,Healthy,Low,No
140,34,Male,Loud,99,4.6,13,No,1460.4,189.9,62.2,Damaged,High,No
141,46,Male,Quiet,67,3.8,22,No,0.7,0.2,14.3,Healthy,High,No
142,43,Female,Quiet,68,2.6,14,No,0.6,0.1,9.3,Healthy,Moderate,No
143,22,Female,Loud,98,2.2,6,Yes,17.3,1.0,13.9,Healthy,Low,Yes
144,52,Male,Moderate,82,5.8,28,No,36.2,10.1,33.3,Damaged,Low,No
145,81,Female,Moderate,76,5.2,30,No,8.1,2.4,18.1,Healthy,Moderate,No
146,24,Female,Loud,86,4.5,8,No,70.9,5.7,19.6,Healthy,High,No
147,43,Female,Moderate,78,1.6,4,No,4.0,0.2,5.5,Healthy,Low,No
148,66,Female,Loud,99,4.6,22,Yes,45.6,10.0,26.8,Damaged,Low,No
149,36,Female,Quiet,68,1.9,8,No,0.5,0.0,16.1,Healthy,High,No
150,36,Male,Loud,86,3.4,7,No,53.5,3.7,19.0,Healthy,Moderate,No
151,45,Female,Quiet,74,9.0,25,No,8.9,2.2,12.5,Healthy,High,No
152,51,Female,Very Loud,111,2.7,26,No,13715.1,3565.9,60.2,Damaged,Moderate,Yes
153,36,Female,Moderate,81,2.7,9,No,13.4,1.2,20.1,Healthy,Low,Yes
154,57,Male,Quiet,61,3.6,10,No,0.2,0.0,29.1,Damaged,Moderate,Yes
155,18,Female,Quiet,67,1.9,2,No,0.4,0.0,14.9,Healthy,Moderate,No
156,52,Male,Loud,98,2.7,11,No,680.4,74.8,72.7,Damaged,Moderate,Yes
157,48,Female,Loud,92,1.8,1,No,113.4,1.1,14.4,Healthy,Moderate,No
158,40,Female,Moderate,77,3.6,2,No,7.1,0.1,16.2,Healthy,Moderate,No
159,48,Female,Loud,87,3.3,9,No,65.5,5.9,30.3,Damaged,High,Yes
160,43,Male,Moderate,78,3.5,1,No,8.7,0.1,12.4,Healthy,High,No
161,62,Female,Quiet,66,1.7,32,No,0.3,0.1,22.2,Healthy,Low,No
162,35,Male,Loud,94,6.7,19,No,670.0,127.3,55.5,Damaged,Moderate,No
163,41,Male,Moderate,76,3.2,25,No,5.0,1.2,12.9,Healthy,Moderate,No
164,21,Male,Moderate,77,3.2,5,No,6.3,0.3,7.4,Healthy,Moderate,No
165,25,Female,Quiet,74,4.2,9,No,4.1,0.4,14.2,Healthy,Low,No
166,38,Male,Quiet,72,4.4,19,No,2.7,0.5,23.3,Healthy,High,No
167,19,Male,Quiet,69,4.0,3,No,1.2,0.0,-2.8,Healthy,High,No
168,29,Male,Loud,91,0.8,13,Yes,1.2,0.2,8.4,Healthy,Low,No
169,22,Female,Quiet,68,1.1,6,No,0.3,0.0,11.7,Healthy,Low,No
170,35,Male,Quiet,71,3.1,19,No,1.5,0.3,17.0,Healthy,High,No
171,44,Female,Loud,93,2.8,23,Yes,6.9,1.6,16.3,Healthy,Moderate,No
172,56,Female,Loud,98,1.3,5,No,327.6,16.4,49.7,Damaged,Moderate,No
173,18,Female,Loud,98,2.8,2,No,705.6,14.1,26.0,Damaged,Moderate,No
174,39,Male,Moderate,82,4.8,7,No,30.0,2.1,9.3,Healthy,Moderate,No
175,55,Male,Quiet,65,8.2,31,No,1.0,0.3,18.4,Healthy,High,No
176,63,Male,Loud,92,3.2,33,No,201.6,66.5,49.7,Damaged,Moderate,No
177,63,Female,Moderate,76,2.5,16,No,3.9,0.6,17.4,Healthy,Low,No
178,20,Female,Moderate,84,2.5,4,No,24.8,1.0,12.3,Healthy,High,No
179,34,Female,Loud,98,4.9,10,No,1234.7,123.5,55.2,Damaged,Moderate,Yes
180,50,Female,Moderate,78,2.0,4,No,5.0,0.2,6.5,Healthy,Low,No
181,56,Male,Very Loud,104,2.2,19,No,2217.5,421.3,59.9,Damaged,Low,No
182,46,Female,Loud,99,4.5,2,Yes,44.6,0.9,11.2,Healthy,High,No
183,46,Female,Quiet,71,0.7,14,No,0.3,0.0,25.0,Healthy,Moderate,Yes
184,46,Female,Quiet,67,2.0,30,No,0.4,0.1,10.4,Healthy,Moderate,No
185,30,Male,Quiet,68,4.0,14,No,1.0,0.1,5.3,Healthy,Moderate,No
186,44,Female,Quiet,72,3.6,4,No,2.2,0.1,4.4,Healthy,Low,No
187,54,Male,Quiet,60,3.0,13,No,0.1,0.0,4.0,Healthy,Moderate,No
188,37,Male,Moderate,83,5.3,21,No,41.7,8.8,24.2,Healthy,Low,No
189,60,Female,Loud,90,0.8,17,Yes,1.0,0.2,23.6,Healthy,Low,No
190,18,Female,Quiet,64,4.4,2,No,0.4,0.0,1.4,Healthy,Low,No
191,37,Female,Moderate,84,7.5,15,No,74.4,11.2,34.5,Damaged,Low,No
192,68,Female,Quiet,71,4.9,35,No,2.4,0.8,8.9,Healthy,Low,No
193,55,Female,Loud,99,2.7,27,No,857.2,231.4,56.0,Damaged,Low,No
194,64,Male,Loud,90,1.2,3,No,47.6,1.4,4.5,Healthy,Moderate,No
195,44,Male,Loud,92,3.0,28,Yes,5.9,1.7,22.5,Healthy,High,No
196,24,Male,Moderate,81,7.4,8,No,36.7,2.9,15.2,Healthy,Low,No
197,34,Male,Loud,88,6.1,16,No,152.5,24.4,46.8,Damaged,High,No
198,65,Female,Moderate,78,6.1,11,No,15.1,1.7,23.6,Healthy,Low,No
199,18,Female,Moderate,77,2.8,2,No,5.5,0.1,8.0,Healthy,Low,No
200,28,Male,Loud,89,7.1,12,Yes,7.0,0.8,-0.2,Healthy,Moderate,No
201,18,Female,Moderate,80,9.3,2,No,36.6,0.7,11.3,Healthy,Low,Yes
202,34,Male,Quiet,73,3.8,10,No,3.0,0.3,4.5,Healthy,High,No
203,36,Male,Moderate,84,2.4,1,No,23.8,0.2,-0.0,Healthy,Low,No
204,51,Male,Loud,90,3.2,30,Yes,4.0,1.2,12.0,Healthy,Low,No
205,30,Female,Quiet,64,3.6,14,No,0.4,0.1,9.3,Healthy,Low,No
206,68,Male,Quiet,70,3.8,17,No,1.5,0.3,18.6,Healthy,Moderate,No
207,52,Male,Quiet,70,2.6,20,No,1.0,0.2,14.1,Healthy,Low,Yes
208,35,Male,Quiet,69,4.8,19,No,1.5,0.3,1.2,Healthy,Low,No
209,27,Male,Moderate,81,2.9,6,No,14.4,0.9,5.8,Healthy,Moderate,No
210,20,Male,Moderate,77,7.9,4,No,15.6,0.6,6.3,Healthy,High,Yes
211,44,Female,Quiet,68,3.8,4,No,0.9,0.0,17.5,Healthy,High,No
212,72,Male,Moderate,76,3.4,18,No,5.3,1.0,15.0,Healthy,Low,No
213,40,Female,Loud,96,1.1,15,Yes,5.5,0.8,5.2,Healthy,Moderate,No
214,27,Female,Very Loud,105,8.2,11,No,10413.4,1145.5,63.0,Damaged,High,No
215,41,Female,Moderate,77,4.4,25,No,8.7,2.2,9.6,Healthy,Low,No
216,34,Female,Moderate,81,3.0,4,No,14.9,0.6,5.3,Healthy,Moderate,No
217,28,Male,Moderate,83,4.4,7,No,34.6,2.4,8.9,Healthy,Moderate,No
218,18,Female,Moderate,81,5.4,2,No,26.8,0.5,7.8,Healthy,Moderate,No
219,41,Male,Loud,97,4.4,2,Yes,27.5,0.6,20.4,Healthy,High,Yes
220,64,Male,Quiet,73,1.3,12,No,1.0,0.1,12.0,Healthy,Low,No
221,60,Female,Loud,92,1.1,17,Yes,2.2,0.4,19.7,Healthy,Moderate,No
222,57,Male,Moderate,79,4.6,19,No,14.4,2.7,24.2,Healthy,Moderate,No
223,45,Male,Very Loud,108,3.6,8,Yes,285.7,22.9,39.3,Damaged,Moderate,Yes
224,49,Female,Loud,93,3.9,4,No,309.5,12.4,38.8,Damaged,Low,No
225,57,Female,Moderate,82,6.2,35,No,38.8,13.6,39.0,Damaged,Moderate,No
226,41,Female,Moderate,78,4.9,14,No,12.2,1.7,23.0,Healthy,High,No
227,46,Male,Moderate,82,1.5,30,No,9.4,2.8,28.2,Damaged,Low,Yes
228,36,Female,Quiet,66,5.9,20,No,0.9,0.2,10.4,Healthy,Low,No
229,59,Female,Moderate,82,2.4,30,No,15.0,4.5,28.3,Damaged,Moderate,No
230,28,Female,Loud,91,3.1,5,No,155.0,7.8,34.0,Damaged,Moderate,No
231,52,Male,Moderate,84,0.9,17,No,8.9,1.5,19.7,Healthy,Moderate,Yes
232,55,Male,Loud,88,3.8,32,No,95.0,30.4,53.4,Damaged,Moderate,No
233,55,Female,Moderate,79,2.0,31,No,6.2,1.9,19.7,Healthy,Low,Yes
234,53,Female,Moderate,83,6.7,23,No,52.8,12.1,41.2,Damaged,Moderate,No
235,35,Female,Loud,97,0.8,6,No,160.0,9.6,33.6,Damaged,Low,No
236,34,Male,Moderate,76,2.4,14,No,3.8,0.5,8.2,Healthy,Low,No
237,36,Female,Loud,96,1.2,7,Yes,6.0,0.4,14.5,Healthy,High,No
238,37,Male,Very Loud,107,9.4,5,No,18949.2,947.5,69.1,Damaged,Low,No
239,25,Female,Loud,90,3.1,2,No,123.0,2.5,17.9,Healthy,Low,No
240,35,Female,Loud,92,0.9,6,No,56.7,3.4,22.4,Healthy,Moderate,No
241,33,Female,Very Loud,102,5.8,13,No,3682.8,478.8,60.7,Damaged,Moderate,No
242,28,Male,Moderate,82,2.7,12,No,16.9,2.0,-3.1,Healthy,Low,No
243,48,Female,Moderate,81,3.7,26,No,18.4,4.8,21.1,Healthy,High,No
244,31,Female,Quiet,67,4.6,15,No,0.9,0.1,18.4,Healthy,Moderate,Yes
245,46,Female,Very Loud,109,2.4,5,Yes,240.0,12.0,30.6,Damaged,Moderate,No
246,64,Male,Very Loud,103,2.4,34,Yes,60.0,20.4,50.9,Damaged,Moderate,No
247,68,Male,Quiet,71,4.1,15,No,2.0,0.3,14.8,Healthy,High,No
248,43,Male,Quiet,61,3.0,7,No,0.1,0.0,11.6,Healthy,Moderate,No
249,58,Female,Quiet,61,1.4,4,No,0.1,0.0,13.0,Healthy,Moderate,No
250,46,Male,Loud,87,4.8,24,Yes,3.0,0.7,3.1,Healthy,Low,No
251,78,Female,Moderate,78,0.8,5,No,2.0,0.1,17.1,Healthy,Moderate,No
252,67,Female,Very Loud,104,4.2,18,No,4233.3,762.0,67.3,Damaged,Moderate,No
253,59,Female,Quiet,60,2.5,35,No,0.1,0.0,13.2,Healthy,High,No
254,40,Male,Quiet,60,1.3,24,No,0.1,0.0,10.8,Healthy,Low,No
255,39,Male,Loud,91,1.6,23,Yes,2.5,0.6,14.8,Healthy,High,No
256,50,Female,Quiet,65,3.9,4,No,0.5,0.0,2.7,Healthy,High,No
257,42,Male,Moderate,79,1.2,26,No,3.8,1.0,9.9,Healthy,Low,No
258,39,Female,Moderate,79,3.5,23,No,10.9,2.5,13.3,Healthy,Low,No
259,53,Female,Very Loud,103,1.5,24,No,1200.0,288.0,66.4,Damaged,Low,No
260,23,Female,Quiet,60,5.3,7,No,0.2,0.0,11.1,Healthy,High,No
261,18,Male,Loud,98,2.1,2,No,529.2,10.6,31.0,Damaged,Low,No
262,27,Female,Loud,97,0.6,7,Yes,3.8,0.3,2.7,Healthy,Low,No
263,25,Male,Moderate,83,3.0,9,No,23.6,2.1,23.8,Healthy,High,No
264,41,Female,Loud,96,4.4,25,No,698.5,174.6,48.0,Damaged,Low,No
265,29,Male,Moderate,77,4.7,1,No,9.3,0.1,12.2,Healthy,Low,No
266,39,Female,Quiet,64,2.8,9,No,0.3,0.0,10.8,Healthy,Low,No
267,18,Male,Moderate,79,1.4,2,No,4.4,0.1,12.5,Healthy,Low,No
268,64,Female,Quiet,61,6.9,9,No,0.3,0.0,24.9,Healthy,High,No
269,48,Female,Quiet,60,2.4,28,No,0.1,0.0,12.9,Healthy,Low,No
270,29,Female,Moderate,79,1.6,6,No,5.0,0.3,10.8,Healthy,Low,No
271,47,Female,Loud,88,6.5,14,No,162.5,22.8,41.5,Damaged,Moderate,No
272,61,Male,Moderate,77,2.7,6,No,5.3,0.3,3.6,Healthy,Moderate,No
273,55,Male,Very Loud,106,3.4,7,Yes,170.0,11.9,44.5,Damaged,Moderate,No
274,41,Female,Very Loud,104,4.4,20,No,4434.9,887.0,52.8,Damaged,Low,No
275,51,Male,Very Loud,109,5.0,3,No,16000.0,480.0,57.4,Damaged,Low,No
276,56,Female,Very Loud,110,4.6,3,No,18546.0,556.4,59.9,Damaged,Low,Yes
277,24,Male,Quiet,67,4.7,3,No,0.9,0.0,0.9,Healthy,High,No
278,20,Male,Quiet,74,1.3,4,No,1.3,0.1,-1.5,Healthy,Moderate,Yes
279,33,Female,Quiet,65,7.2,17,No,0.9,0.2,6.1,Healthy,Low,No
280,57,Male,Loud,94,5.4,15,Yes,16.9,2.5,23.5,Healthy,Moderate,No
281,64,Male,Very Loud,111,3.0,10,No,15239.1,1523.9,76.4,Damaged,Low,No
282,44,Female,Loud,88,7.4,12,No,185.0,22.2,44.5,Damaged,Low,Yes
283,65,Female,Moderate,77,7.3,2,No,14.4,0.3,2.3,Healthy,Moderate,No
284,57,Female,Moderate,84,2.0,3,No,19.8,0.6,7.6,Healthy,Moderate,No
285,41,Male,Moderate,76,2.5,1,No,3.9,0.0,7.9,Healthy,Low,No
286,31,Female,Quiet,69,4.3,5,No,1.3,0.1,-4.6,Healthy,Low,No
287,32,Female,Quiet,73,3.4,3,No,2.7,0.1,15.2,Healthy,High,No
288,43,Female,Loud,98,2.0,6,No,504.0,30.2,58.1,Damaged,Moderate,No
289,63,Male,Quiet,68,6.1,27,No,1.5,0.4,9.0,Healthy,Moderate,No
290,55,Male,Moderate,78,3.6,25,No,8.9,2.2,17.3,Healthy,Low,No
291,22,Female,Moderate,77,4.2,6,No,8.3,0.5,9.1,Healthy,Low,No
292,24,Female,Quiet,71,2.8,2,No,1.4,0.0,2.6,Healthy,Moderate,No
293,54,Male,Moderate,83,6.4,3,No,50.4,1.5,15.3,Healthy,Low,No
294,45,Female,Loud,97,7.3,7,Yes,45.6,3.2,16.6,Healthy,Low,Yes
295,28,Male,Moderate,77,7.4,7,No,14.6,1.0,5.7,Healthy,Low,No
296,52,Female,Moderate,79,2.9,33,No,9.1,3.0,17.5,Healthy,Moderate,Yes
297,63,Male,Loud,95,8.0,7,No,1007.9,70.6,73.2,Damaged,Moderate,No
298,54,Female,Quiet,64,1.4,22,No,0.1,0.0,13.9,Healthy,Moderate,No
299,44,Male,Loud,90,1.0,18,Yes,1.2,0.2,4.4,Healthy,Low,No
300,62,Male,Very Loud,111,2.6,29,Yes,412.7,119.7,70.5,Damaged,High,No
301,36,Female,Quiet,73,1.5,20,No,1.2,0.2,9.7,Healthy,Moderate,No
302,33,Male,Very Loud,106,1.3,17,Yes,65.0,11.0,41.1,Damaged,High,Yes
303,28,Female,Very Loud,108,3.3,12,No,8381.5,1005.8,43.2,Damaged,Low,No
304,71,Male,Quiet,69,5.0,33,No,1.6,0.5,21.7,Healthy,Moderate,No
305,74,Male,Loud,97,0.7,31,No,140.0,43.4,70.3,Damaged,High,No
306,42,Female,Loud,95,6.7,13,No,844.1,109.7,49.9,Damaged,Low,No
307,51,Female,Moderate,79,5.2,24,No,16.2,3.9,16.4,Healthy,Moderate,No
308,49,Female,Very Loud,103,6.8,23,No,5440.0,1251.2,50.3,Damaged,Low,No
309,56,Female,Moderate,84,3.1,7,No,30.8,2.2,18.8,Healthy,Low,No
310,60,Male,Moderate,81,1.7,19,No,8.4,1.6,10.5,Healthy,Moderate,No
311,53,Male,Loud,94,1.3,13,No,130.0,16.9,38.9,Damaged,Moderate,No
312,41,Female,Quiet,61,4.1,4,No,0.2,0.0,11.4,Healthy,Low,No
313,34,Female,Quiet,66,3.3,18,No,0.5,0.1,5.3,Healthy,Moderate,No
314,27,Female,Loud,87,3.6,11,No,71.4,7.9,24.0,Healthy,High,No
315,18,Female,Quiet,64,5.2,1,No,0.5,0.0,12.9,Healthy,Moderate,Yes
316,41,Male,Quiet,73,5.5,25,No,4.3,1.1,16.3,Healthy,Low,Yes
317,30,Female,Very Loud,109,8.3,14,No,26560.0,3718.4,59.6,Damaged,Moderate,No
318,43,Female,Moderate,77,4.9,8,No,9.6,0.8,11.6,Healthy,High,No
319,41,Male,Moderate,81,8.2,15,No,40.7,6.1,28.4,Damaged,Moderate,No
320,27,Male,Moderate,81,3.8,11,No,18.9,2.1,9.4,Healthy,High,No
321,35,Male,Loud,88,6.3,19,No,157.5,29.9,38.7,Damaged,Low,No
322,49,Male,Very Loud,109,3.4,4,No,10880.0,435.2,68.8,Damaged,High,No
323,45,Male,Very Loud,103,3.6,27,No,2880.0,777.6,67.5,Damaged,High,No
324,29,Male,Quiet,68,3.8,8,No,0.9,0.1,8.5,Healthy,Moderate,No
325,31,Female,Quiet,72,4.1,15,No,2.5,0.4,8.1,Healthy,Moderate,No
326,51,Male,Loud,87,2.5,8,No,49.6,4.0,18.9,Healthy,Moderate,No
327,46,Male,Loud,97,1.1,26,No,220.0,57.2,54.6,Damaged,Low,No
328,47,Male,Loud,96,3.7,31,Yes,18.4,5.7,29.2,Damaged,Low,No
329,40,Male,Loud,94,2.9,18,No,290.0,52.2,38.2,Damaged,Low,No
330,53,Male,Loud,99,0.7,24,Yes,6.9,1.7,19.4,Healthy,Low,No
331,44,Male,Very Loud,108,3.7,22,Yes,293.7,64.6,63.0,Damaged,Moderate,Yes
332,80,Male,Loud,99,2.6,31,No,825.4,255.9,52.0,Damaged,Low,No
333,35,Female,Quiet,73,4.1,7,No,3.2,0.2,-0.2,Healthy,Low,No
334,32,Female,Quiet,67,3.1,16,No,0.6,0.1,7.6,Healthy,Moderate,No
335,67,Male,Loud,93,1.5,31,No,119.1,36.9,51.7,Damaged,Moderate,No
336,41,Male,Loud,93,3.6,4,No,285.7,11.4,32.8,Damaged,Moderate,No
337,31,Female,Loud,93,3.6,5,No,285.7,14.3,28.3,Damaged,Moderate,No
338,49,Female,Very Loud,109,3.3,17,No,10560.0,1795.2,56.6,Damaged,Low,No
339,18,Female,Very Loud,102,3.4,2,No,2158.9,43.2,57.3,Damaged,Moderate,Yes
340,49,Male,Quiet,67,4.0,26,No,0.8,0.2,9.8,Healthy,Moderate,No
341,43,Male,Loud,99,1.5,27,No,476.2,128.6,73.4,Damaged,Moderate,No
342,46,Female,Loud,91,0.7,30,Yes,1.1,0.3,13.4,Healthy,High,No
343,30,Male,Moderate,76,3.1,14,No,4.8,0.7,-5.0,Healthy,Low,No
344,62,Male,Loud,91,4.1,8,No,205.0,16.4,34.9,Damaged,Moderate,No
345,47,Female,Quiet,66,7.1,17,No,1.1,0.2,17.6,Healthy,High,No
346,42,Male,Quiet,64,4.3,3,No,0.4,0.0,11.4,Healthy,Moderate,No
347,48,Male,Quiet,61,2.9,21,No,0.1,0.0,4.0,Healthy,Low,No
348,30,Female,Very Loud,102,2.4,14,No,1523.9,213.3,64.7,Damaged,High,No
349,40,Female,Moderate,76,5.3,20,No,8.3,1.7,8.2,Healthy,Low,Yes
350,20,Male,Moderate,79,1.5,4,No,4.7,0.2,2.2,Healthy,Low,No
351,26,Male,Quiet,72,5.2,10,No,3.2,0.3,8.0,Healthy,Moderate,Yes
352,47,Female,Moderate,84,3.2,26,No,31.7,8.2,28.5,Damaged,Low,No
353,44,Female,Loud,97,7.3,27,No,1460.0,394.2,62.8,Damaged,Moderate,Yes
354,53,Male,Very Loud,104,7.6,6,No,7660.3,459.6,61.8,Damaged,Low,No
355,32,Female,Quiet,69,6.4,16,No,2.0,0.3,13.2,Healthy,Low,Yes
356,40,Female,Very Loud,112,7.8,12,Yes,1560.0,187.2,53.9,Damaged,Moderate,No
357,32,Female,Quiet,66,5.8,6,No,0.9,0.1,5.0,Healthy,Low,No
358,46,Female,Quiet,63,6.5,24,No,0.5,0.1,8.3,Healthy,Low,No
359,54,Male,Quiet,72,3.5,21,No,2.2,0.5,13.7,Healthy,Moderate,No
360,58,Male,Loud,91,4.0,6,Yes,6.2,0.4,7.9,Healthy,Low,No
361,51,Female,Moderate,79,3.2,19,No,10.0,1.9,15.9,Healthy,Low,No
362,30,Female,Moderate,78,5.1,14,No,12.6,1.8,12.4,Healthy,Moderate,No
363,45,Female,Quiet,69,4.8,29,No,1.5,0.4,5.0,Healthy,Moderate,No
364,26,Male,Moderate,77,1.9,10,No,3.7,0.4,12.0,Healthy,Moderate,No
365,18,Male,Loud,99,5.6,2,No,1777.9,35.6,54.3,Damaged,Low,No
366,45,Female,Moderate,82,1.8,12,No,11.2,1.3,7.7,Healthy,Moderate,No
367,43,Female,Quiet,65,6.7,5,No,0.8,0.0,2.2,Healthy,Moderate,Yes
368,53,Female,Loud,90,3.0,15,Yes,3.7,0.6,10.4,Healthy,Moderate,No
369,54,Male,Loud,95,3.0,4,No,378.0,15.1,54.7,Damaged,Moderate,No
370,23,Female,Quiet,74,8.0,7,No,7.9,0.6,0.3,Healthy,Low,No
371,28,Male,Moderate,83,3.8,12,No,29.9,3.6,15.9,Healthy,Moderate,No
372,42,Female,Very Loud,101,2.5,1,No,1259.9,12.6,41.5,Damaged,High,No
373,43,Male,Moderate,78,4.4,27,No,10.9,2.9,22.9,Healthy,Low,No
374,48,Male,Moderate,78,9.0,6,No,22.3,1.3,10.1,Healthy,Moderate,Yes
375,22,Female,Very Loud,110,5.7,6,Yes,718.2,43.1,47.5,Damaged,Moderate,No
376,38,Male,Loud,90,4.6,22,No,182.6,40.2,46.4,Damaged,Low,No
377,51,Male,Quiet,62,3.7,29,No,0.2,0.1,13.2,Healthy,Low,No
378,70,Male,Moderate,84,9.5,5,No,94.3,4.7,26.6,Damaged,Moderate,No
379,23,Male,Quiet,65,0.6,7,No,0.1,0.0,7.1,Healthy,High,Yes
380,66,Female,Loud,96,3.9,5,No,619.1,31.0,48.8,Damaged,Moderate,No
381,37,Male,Quiet,68,1.2,6,No,0.3,0.0,13.2,Healthy,Moderate,No
382,20,Female,Loud,89,6.0,4,No,189.0,7.6,32.5,Damaged,Moderate,No
383,62,Male,Moderate,81,3.0,14,No,14.9,2.1,14.4,Healthy,Low,No
384,26,Male,Very Loud,107,2.8,5,No,5644.4,282.2,51.3,Damaged,Moderate,No
385,24,Female,Quiet,73,3.5,8,No,2.7,0.2,-5.0,Healthy,Moderate,Yes
386,52,Male,Loud,99,3.0,19,No,952.4,181.0,72.3,Damaged,Low,Yes
387,57,Male,Loud,99,6.8,25,No,2158.9,539.7,70.3,Damaged,High,No
388,43,Male,Very Loud,101,2.7,25,No,1360.7,340.2,58.3,Damaged,High,No
389,31,Female,Moderate,79,3.6,5,No,11.2,0.6,1.9,Healthy,Low,No
390,19,Male,Quiet,73,3.0,3,No,2.3,0.1,9.5,Healthy,Low,Yes
391,43,Female,Quiet,67,0.8,27,No,0.2,0.1,3.5,Healthy,Moderate,No
392,18,Female,Moderate,81,6.3,2,No,31.3,0.6,11.5,Healthy,Moderate,Yes
393,20,Male,Quiet,68,5.4,4,No,1.3,0.1,8.9,Healthy,High,No
394,57,Female,Moderate,78,1.8,8,No,4.5,0.4,17.6,Healthy,Moderate,Yes
395,51,Male,Loud,97,2.1,27,No,420.0,113.4,59.9,Damaged,Low,No
396,60,Female,Moderate,79,0.8,33,No,2.5,0.8,17.1,Healthy,Moderate,Yes
397,48,Female,Moderate,83,1.8,12,No,14.2,1.7,23.7,Healthy,Moderate,Yes
398,24,Male,Loud,92,1.5,8,Yes,3.0,0.2,10.2,Healthy,Moderate,Yes
399,49,Female,Moderate,78,3.2,16,No,7.9,1.3,28.3,Damaged,Moderate,No
400,18,Male,Moderate,84,2.5,2,No,24.8,0.5,5.4,Healthy,Moderate,No
401,52,Female,Moderate,82,2.0,22,No,12.5,2.8,19.6,Healthy,Low,No
402,62,Female,Very Loud,112,1.4,29,No,8960.0,2598.4,64.4,Damaged,Low,No
403,26,Female,Quiet,67,5.3,4,No,1.0,0.0,9.7,Healthy,Moderate,No
404,57,Female,Loud,91,1.5,30,Yes,2.3,0.7,14.7,Healthy,Moderate,Yes
405,42,Male,Moderate,79,1.7,14,No,5.3,0.7,10.7,Healthy,High,No
406,39,Male,Loud,90,2.7,18,No,107.1,19.3,51.5,Damaged,High,No
407,18,Male,Moderate,84,3.3,2,No,32.7,0.7,10.0,Healthy,Low,No
408,39,Male,Moderate,80,4.5,15,No,17.7,2.7,28.5,Damaged,High,No
409,54,Female,Quiet,66,3.8,9,No,0.6,0.1,12.9,Healthy,High,No
410,18,Female,Loud,86,2.1,2,No,33.1,0.7,3.8,Healthy,Low,No
411,34,Female,Moderate,81,1.4,15,No,6.9,1.0,20.0,Healthy,High,No
412,31,Male,Loud,91,2.3,1,Yes,3.6,0.0,12.3,Healthy,Moderate,Yes
413,18,Male,Quiet,66,4.1,2,No,0.6,0.0,13.8,Healthy,High,Yes
414,57,Female,Quiet,68,4.0,32,No,1.0,0.3,17.2,Healthy,Low,No
415,42,Female,Quiet,62,7.2,3,No,0.4,0.0,7.5,Healthy,Moderate,Yes
416,42,Female,Very Loud,111,4.8,7,No,24382.5,1706.8,56.1,Damaged,Low,No
417,56,Male,Moderate,83,5.7,29,No,44.9,13.0,50.6,Damaged,High,No
418,30,Female,Very Loud,105,3.7,2,Yes,146.8,2.9,6.8,Healthy,Moderate,No
419,89,Female,Quiet,66,2.7,31,No,0.4,0.1,26.6,Damaged,High,No
420,34,Female,Loud,88,1.8,18,No,45.0,8.1,26.2,Damaged,Low,No
421,24,Female,Loud,87,4.7,8,No,93.3,7.5,22.8,Healthy,High,No
422,51,Male,Quiet,64,4.0,18,No,0.4,0.1,12.4,Healthy,Moderate,No
423,47,Female,Very Loud,114,3.2,9,No,32510.0,2925.9,68.5,Damaged,High,No
424,27,Female,Moderate,83,5.4,11,No,42.5,4.7,17.6,Healthy,Low,No
425,28,Male,Quiet,61,4.2,12,No,0.2,0.0,-0.8,Healthy,Low,No
426,54,Male,Moderate,78,10.4,20,No,25.8,5.2,25.0,Healthy,Low,No
427,46,Female,Moderate,76,6.2,27,No,9.7,2.6,12.1,Healthy,Low,No
428,48,Female,Loud,95,0.5,9,No,63.0,5.7,28.7,Damaged,Low,No
429,55,Female,Quiet,73,4.1,17,No,3.2,0.5,11.7,Healthy,Moderate,No
430,33,Female,Quiet,65,1.2,17,No,0.1,0.0,1.7,Healthy,Low,No
431,61,Male,Moderate,78,0.9,26,No,2.2,0.6,33.9,Damaged,High,No
432,42,Male,Quiet,61,5.0,26,No,0.2,0.1,13.1,Healthy,Moderate,No
433,53,Female,Moderate,77,3.8,1,No,7.5,0.1,10.4,Healthy,Low,No
434,28,Male,Loud,88,3.7,7,No,92.5,6.5,28.1,Damaged,Low,Yes
435,53,Male,Very Loud,106,3.7,20,Yes,185.0,37.0,56.7,Damaged,Low,Yes
436,46,Female,Moderate,81,4.8,10,No,23.8,2.4,3.2,Healthy,Moderate,No
437,79,Male,Quiet,61,3.7,3,No,0.2,0.0,30.9,Damaged,High,Yes
438,40,Female,Moderate,76,3.1,13,No,4.8,0.6,1.9,Healthy,High,No
439,65,Female,Loud,93,4.9,11,No,388.9,42.8,65.8,Damaged,Moderate,No
440,52,Male,Loud,87,5.7,5,No,113.1,5.7,21.7,Healthy,Low,No
441,66,Male,Very Loud,108,2.6,20,No,6603.6,1320.7,67.4,Damaged,Low,Yes
442,46,Female,Very Loud,102,3.9,5,No,2476.3,123.8,72.0,Damaged,High,Yes
443,49,Female,Loud,86,2.8,1,No,44.1,0.4,12.2,Healthy,Low,No
444,18,Female,Very Loud,110,4.0,2,No,16127.0,322.5,61.3,Damaged,Moderate,No
445,23,Female,Moderate,84,1.4,7,No,13.9,1.0,12.9,Healthy,Low,No
446,58,Female,Moderate,79,2.8,31,No,8.8,2.7,29.2,Damaged,Moderate,No
447,49,Female,Moderate,79,7.3,2,No,22.8,0.5,23.7,Healthy,Moderate,No
448,54,Male,Loud,88,1.3,23,Yes,1.0,0.2,17.1,Healthy,Low,Yes
449,38,Male,Moderate,77,3.4,12,No,6.7,0.8,17.1,Healthy,High,No
450,54,Male,Loud,98,2.0,8,No,504.0,40.3,62.8,Damaged,Moderate,No
451,37,Male,Quiet,64,6.2,21,No,0.6,0.1,23.8,Healthy,High,Yes
452,41,Female,Loud,96,3.4,14,No,539.7,75.6,63.8,Damaged,Moderate,No
453,60,Male,Very Loud,105,5.2,28,No,6603.6,1849.0,62.9,Damaged,Low,No
454,58,Male,Quiet,62,9.2,30,No,0.6,0.2,15.1,Healthy,Low,No
455,36,Female,Quiet,70,3.0,18,No,1.2,0.2,1.5,Healthy,Moderate,No
456,43,Female,Moderate,82,3.1,22,No,19.4,4.3,22.7,Healthy,Moderate,Yes
457,46,Male,Moderate,83,1.6,30,No,12.6,3.8,12.1,Healthy,Low,Yes
458,40,Male,Quiet,61,8.8,20,No,0.4,0.1,6.2,Healthy,Low,Yes
459,41,Female,Quiet,67,6.1,1,No,1.2,0.0,18.0,Healthy,Moderate,Yes
460,28,Female,Quiet,63,1.4,12,No,0.1,0.0,9.1,Healthy,Low,No
461,51,Female,Quiet,60,3.2,32,No,0.1,0.0,5.3,Healthy,Low,No
462,27,Male,Loud,97,3.9,1,No,780.0,7.8,32.9,Damaged,Moderate,Yes
463,28,Female,Moderate,84,2.4,12,No,23.8,2.9,3.5,Healthy,Low,No
464,61,Male,Quiet,73,5.8,4,No,4.5,0.2,13.5,Healthy,Low,No
465,70,Female,Loud,99,8.3,8,Yes,82.3,6.6,23.8,Healthy,Low,No
466,70,Male,Moderate,80,5.6,3,No,22.0,0.7,18.9,Healthy,Low,Yes
467,48,Male,Quiet,71,3.6,16,No,1.8,0.3,15.7,Healthy,Moderate,Yes
468,34,Male,Moderate,81,2.3,13,No,11.4,1.5,6.2,Healthy,Moderate,No
469,53,Male,Loud,91,3.7,27,No,185.0,50.0,62.2,Damaged,Moderate,Yes
470,65,Female,Loud,98,9.4,20,No,2368.7,473.7,65.2,Damaged,High,Yes
471,44,Male,Quiet,66,3.0,28,No,0.5,0.1,7.3,Healthy,Moderate,No
472,36,Male,Quiet,62,1.9,20,No,0.1,0.0,10.7,Healthy,Moderate,No
473,18,Female,Very Loud,101,3.5,2,No,1763.9,35.3,44.2,Damaged,Moderate,No
474,18,Male,Quiet,74,4.1,1,No,4.0,0.0,5.6,Healthy,Moderate,No
475,68,Male,Moderate,79,1.5,14,No,4.7,0.7,12.8,Healthy,Moderate,Yes
476,20,Male,Loud,94,5.2,4,Yes,16.2,0.6,0.5,Healthy,Moderate,No
477,32,Female,Moderate,79,6.0,8,No,18.8,1.5,4.9,Healthy,Low,No
478,38,Female,Quiet,69,7.1,7,No,2.2,0.2,-3.0,Healthy,Low,No
479,46,Male,Moderate,82,3.0,10,No,18.8,1.9,15.0,Healthy,Low,No
480,23,Female,Loud,88,3.8,7,No,95.0,6.6,27.2,Damaged,High,No
481,51,Female,Moderate,79,2.5,24,No,7.8,1.9,18.1,Healthy,Low,Yes
482,51,Male,Loud,89,2.8,20,Yes,2.8,0.6,10.6,Healthy,Moderate,No
483,43,Female,Quiet,65,3.3,27,No,0.4,0.1,0.1,Healthy,Low,No
484,33,Male,Quiet,69,1.8,17,No,0.6,0.1,5.2,Healthy,Moderate,Yes
485,37,Male,Quiet,63,7.1,19,No,0.6,0.1,7.3,Healthy,Low,Yes
486,18,Female,Loud,97,4.1,2,No,820.0,16.4,40.4,Damaged,High,No
487,51,Male,Quiet,69,0.9,15,No,0.3,0.0,14.0,Healthy,Low,Yes
488,34,Female,Moderate,80,1.4,8,No,5.5,0.4,12.3,Healthy,Moderate,Yes
489,22,Female,Quiet,68,2.9,6,No,0.7,0.0,-1.2,Healthy,Low,No
490,41,Male,Loud,89,1.9,19,No,59.8,11.4,40.2,Damaged,High,No
491,49,Female,Quiet,73,4.4,27,No,3.4,0.9,22.8,Healthy,High,No
492,47,Male,Loud,99,4.6,6,Yes,45.6,2.7,22.6,Healthy,High,No
493,51,Male,Very Loud,105,3.0,3,No,3809.8,114.3,69.0,Damaged,Moderate,Yes
494,59,Male,Quiet,64,5.1,8,No,0.5,0.0,14.6,Healthy,Moderate,No
495,34,Female,Quiet,69,1.8,9,No,0.6,0.1,1.0,Healthy,Low,No
496,45,Male,Quiet,72,0.8,29,No,0.5,0.1,9.7,Healthy,Moderate,Yes
497,46,Male,Moderate,82,0.5,2,No,3.1,0.1,10.7,Healthy,Low,No
498,20,Female,Loud,92,6.1,4,No,384.3,15.4,25.6,Damaged,Low,No
499,58,Male,Quiet,62,1.1,23,No,0.1,0.0,11.3,Healthy,Low,No
500,37,Female,Very Loud,110,5.4,21,No,21771.4,4572.0,55.5,Damaged,Low,Yes
501,45,Female,Loud,91,4.3,22,No,215.0,47.3,54.0,Damaged,Low,No
502,46,Female,Loud,89,2.0,5,Yes,2.0,0.1,3.0,Healthy,Moderate,Yes
503,29,Female,Moderate,79,3.9,13,No,12.2,1.6,9.7,Healthy,Low,No
504,54,Male,Loud,94,3.1,24,No,310.0,74.4,71.6,Damaged,Moderate,No
505,56,Male,Loud,93,4.6,34,No,365.1,124.1,51.5,Damaged,Moderate,No
506,44,Male,Loud,91,7.9,28,Yes,12.3,3.4,32.2,Damaged,High,No
507,18,Female,Moderate,79,3.1,2,No,9.7,0.2,7.7,Healthy,Low,No
508,62,Male,Moderate,81,5.8,2,No,28.8,0.6,15.9,Healthy,Moderate,No
509,39,Female,Loud,90,2.9,13,Yes,3.6,0.5,0.2,Healthy,Low,No
510,32,Female,Quiet,67,5.6,4,No,1.1,0.0,-3.2,Healthy,Moderate,No
511,33,Male,Moderate,82,1.0,17,No,6.2,1.1,4.8,Healthy,Moderate,No
512,25,Female,Quiet,71,5.9,9,No,2.9,0.3,-2.7,Healthy,Moderate,No
513,36,Male,Loud,98,1.5,20,Yes,11.8,2.4,12.1,Healthy,Low,No
514,51,Female,Quiet,66,2.5,7,No,0.4,0.0,7.9,Healthy,Low,No
515,25,Male,Loud,97,4.5,9,Yes,28.1,2.5,19.3,Healthy,Low,No
516,45,Female,Moderate,81,2.2,22,No,10.9,2.4,20.3,Healthy,Moderate,Yes
517,33,Male,Loud,92,3.0,17,Yes,5.9,1.0,14.9,Healthy,Low,No
518,38,Male,Moderate,82,7.1,17,No,44.4,7.5,34.8,Damaged,High,Yes
519,36,Male,Moderate,79,1.8,19,No,5.6,1.1,18.9,Healthy,Low,No
520,46,Female,Loud,88,5.4,20,No,135.0,27.0,54.6,Damaged,Moderate,No
521,57,Female,Very Loud,109,0.5,24,No,1600.0,384.0,49.7,Damaged,High,No
522,41,Female,Moderate,83,3.6,25,No,28.3,7.1,29.4,Damaged,Moderate,No
523,55,Female,Quiet,73,2.2,33,No,1.7,0.6,19.6,Healthy,Low,No
524,64,Male,Quiet,62,1.9,32,No,0.1,0.0,10.5,Healthy,Moderate,No
525,20,Male,Loud,99,2.2,4,Yes,21.8,0.9,11.7,Healthy,High,No
526,53,Male,Moderate,79,3.8,15,No,11.9,1.8,15.3,Healthy,Moderate,No
527,37,Male,Quiet,60,3.9,13,No,0.2,0.0,11.3,Healthy,Moderate,Yes
528,39,Male,Quiet,61,4.6,23,No,0.2,0.0,15.9,Healthy,Low,No
529,56,Female,Moderate,82,11.1,18,No,69.4,12.5,47.2,Damaged,Moderate,Yes
530,38,Male,Very Loud,109,4.8,12,No,15360.0,1843.2,54.6,Damaged,Moderate,No
531,32,Male,Very Loud,105,1.7,10,No,2158.9,215.9,55.4,Damaged,Low,No
532,61,Male,Loud,90,6.5,4,No,258.0,10.3,34.0,Damaged,Low,No
533,57,Male,Quiet,71,1.9,30,No,0.9,0.3,14.6,Healthy,Low,Yes
534,48,Male,Loud,87,12.0,10,No,238.1,23.8,51.2,Damaged,Moderate,No
535,84,Male,Moderate,84,4.7,34,No,46.6,15.8,55.0,Damaged,Moderate,No
536,27,Male,Loud,99,6.3,9,No,2000.1,180.0,54.7,Damaged,Low,No
537,18,Female,Quiet,73,2.2,2,No,1.7,0.0,4.3,Healthy,Moderate,No
538,39,Male,Quiet,72,3.4,6,No,2.1,0.1,8.5,Healthy,Moderate,No
539,25,Female,Very Loud,111,1.2,9,Yes,190.5,17.1,41.8,Damaged,Moderate,No
540,47,Female,Loud,91,1.3,21,No,65.0,13.6,42.4,Damaged,High,No
541,33,Female,Loud,89,2.5,11,No,78.7,8.7,20.2,Healthy,Moderate,No
542,33,Male,Quiet,73,5.2,17,No,4.1,0.7,0.8,Healthy,Low,Yes
543,42,Male,Moderate,78,1.9,26,No,4.7,1.2,8.7,Healthy,High,No
544,29,Male,Quiet,70,5.7,10,No,2.2,0.2,7.2,Healthy,Low,No
545,18,Female,Quiet,64,4.7,2,No,0.5,0.0,14.8,Healthy,Low,Yes
546,31,Male,Moderate,79,3.8,15,No,11.9,1.8,8.9,Healthy,Moderate,No
547,53,Female,Quiet,73,2.6,3,No,2.0,0.1,13.1,Healthy,Low,No
548,46,Male,Quiet,62,2.5,22,No,0.2,0.0,9.8,Healthy,Moderate,Yes
549,56,Female,Quiet,66,3.6,4,No,0.6,0.0,7.3,Healthy,Moderate,No
550,67,Female,Loud,92,2.4,6,Yes,4.7,0.3,21.8,Healthy,Low,No
551,55,Female,Quiet,66,10.2,6,No,1.6,0.1,19.6,Healthy,Low,No
552,41,Male,Very Loud,108,1.5,20,No,3809.8,762.0,56.1,Damaged,Moderate,No
553,31,Female,Moderate,79,3.8,15,No,11.9,1.8,15.1,Healthy,Moderate,No
554,49,Male,Quiet,60,2.5,33,No,0.1,0.0,10.3,Healthy,High,No
555,66,Female,Quiet,71,3.9,35,No,1.9,0.7,17.2,Healthy,Low,No
556,63,Female,Loud,86,6.2,11,No,97.6,10.7,42.0,Damaged,Low,Yes
557,56,Female,Moderate,84,3.7,25,No,36.7,9.2,27.0,Damaged,Moderate,No
558,30,Female,Very Loud,106,2.4,5,No,3840.0,192.0,56.8,Damaged,Low,No
559,51,Male,Moderate,84,1.9,16,No,18.9,3.0,16.6,Healthy,Moderate,No
560,53,Male,Very Loud,109,3.6,30,No,11520.0,3456.0,60.0,Damaged,High,No
561,60,Female,Quiet,64,0.6,2,No,0.1,0.0,20.0,Healthy,Low,No
562,23,Female,Moderate,79,8.8,7,No,27.5,1.9,13.1,Healthy,Moderate,No
563,32,Male,Moderate,80,0.7,16,No,2.8,0.4,11.7,Healthy,High,No
564,44,Female,Moderate,83,5.3,14,No,41.7,5.8,29.6,Damaged,Low,No
565,44,Female,Quiet,60,5.7,28,No,0.2,0.1,18.3,Healthy,Low,No
566,33,Male,Very Loud,107,3.5,17,No,7055.6,1199.5,57.9,Damaged,Low,No
567,49,Male,Moderate,76,4.0,7,No,6.2,0.4,10.6,Healthy,High,No
568,38,Female,Quiet,62,0.8,22,No,0.0,0.0,4.5,Healthy,Moderate,No
569,59,Female,Very Loud,114,3.2,35,No,32510.0,11378.5,68.5,Damaged,High,No
570,35,Female,Loud,98,3.1,5,No,781.2,39.1,52.0,Damaged,Moderate,No
571,45,Female,Loud,99,5.0,7,No,1587.4,111.1,59.9,Damaged,Moderate,No
572,18,Female,Quiet,71,2.9,2,No,1.4,0.0,6.7,Healthy,Moderate,Yes
573,45,Female,Loud,94,1.4,24,Yes,4.4,1.1,15.9,Healthy,Low,Yes
574,32,Male,Very Loud,109,5.1,11,No,16320.0,1795.2,64.7,Damaged,High,No
575,53,Female,Moderate,82,1.5,23,No,9.4,2.2,26.4,Damaged,High,No
576,39,Male,Moderate,76,2.9,23,No,4.5,1.0,8.2,Healthy,Low,No
577,60,Female,Quiet,69,2.8,3,No,0.9,0.0,1.8,Healthy,Low,No
578,34,Female,Loud,86,3.0,10,Yes,1.5,0.2,9.8,Healthy,High,No
579,21,Female,Moderate,76,5.6,5,No,8.8,0.4,-0.5,Healthy,Moderate,No
580,46,Female,Quiet,61,1.3,24,No,0.1,0.0,3.3,Healthy,Moderate,No
581,51,Female,Quiet,73,3.4,22,No,2.7,0.6,5.5,Healthy,Low,No
582,31,Male,Moderate,77,2.4,15,No,4.7,0.7,6.7,Healthy,High,No
583,23,Male,Moderate,82,1.9,7,No,11.9,0.8,9.1,Healthy,Low,No
584,53,Female,Quiet,71,5.5,22,No,2.7,0.6,16.1,Healthy,Low,No
585,58,Female,Moderate,78,7.3,25,No,18.1,4.5,18.8,Healthy,Low,No
586,53,Female,Loud,94,4.4,10,No,440.0,44.0,57.3,Damaged,Low,No
587,43,Male,Moderate,82,1.1,21,No,6.9,1.4,18.0,Healthy,Moderate,No
588,42,Male,Quiet,65,6.4,4,No,0.8,0.0,8.5,Healthy,High,No
589,66,Male,Quiet,70,1.2,33,No,0.5,0.2,20.5,Healthy,Moderate,No
590,54,Female,Quiet,69,1.5,19,No,0.5,0.1,7.1,Healthy,Low,No
591,28,Female,Quiet,72,5.4,1,No,3.3,0.0,15.6,Healthy,Moderate,Yes
592,26,Male,Quiet,66,3.6,10,No,0.6,0.1,11.1,Healthy,Moderate,No
593,51,Male,Quiet,73,1.2,25,No,0.9,0.2,13.1,Healthy,High,No
594,53,Male,Moderate,79,3.3,29,No,10.3,3.0,28.3,Damaged,Low,Yes
595,33,Female,Moderate,83,8.2,6,No,64.6,3.9,17.1,Healthy,Moderate,No
596,31,Female,Quiet,68,3.8,15,No,0.9,0.1,8.1,Healthy,High,No
597,56,Female,Moderate,82,4.3,24,No,26.9,6.5,43.0,Damaged,Low,No
598,37,Male,Moderate,82,4.2,9,No,26.2,2.4,14.8,Healthy,Moderate,No
599,55,Male,Moderate,79,2.0,27,No,6.2,1.7,14.1,Healthy,Moderate,No
600,26,Female,Moderate,76,4.7,9,No,7.3,0.7,7.9,Healthy,Low,No
601,27,Male,Loud,93,4.4,6,No,349.2,21.0,29.6,Damaged,Moderate,No
602,18,Male,Quiet,64,1.6,2,No,0.2,0.0,15.1,Healthy,High,Yes
603,42,Male,Loud,95,3.6,4,Yes,14.2,0.6,4.9,Healthy,Low,Yes
604,36,Male,Moderate,84,5.1,7,No,50.6,3.5,19.6,Healthy,Moderate,No
605,18,Male,Very Loud,113,4.2,2,No,33866.7,677.3,59.0,Damaged,Moderate,No
606,44,Female,Moderate,84,2.4,6,No,23.8,1.4,20.1,Healthy,High,No
607,34,Female,Loud,94,1.1,18,Yes,3.4,0.6,19.2,Healthy,High,Yes
608,39,Male,Very Loud,109,5.0,17,No,16000.0,2720.0,66.7,Damaged,Moderate,No
609,63,Female,Moderate,83,5.2,3,No,40.9,1.2,10.4,Healthy,High,No
610,57,Male,Moderate,82,2.1,24,No,13.1,3.1,18.0,Healthy,Low,Yes
611,49,Male,Quiet,66,1.3,31,No,0.2,0.1,9.8,Healthy,Moderate,Yes
612,37,Female,Loud,94,5.9,21,No,590.0,123.9,56.2,Damaged,Low,No
613,24,Male,Quiet,69,5.3,8,No,1.6,0.1,3.6,Healthy,Moderate,No
614,32,Male,Quiet,66,1.3,16,No,0.2,0.0,15.7,Healthy,Moderate,No
615,36,Male,Quiet,73,3.9,12,No,3.0,0.4,12.9,Healthy,Moderate,No
616,61,Female,Quiet,68,12.0,24,No,3.0,0.7,19.0,Healthy,Low,No
617,28,Male,Loud,97,6.8,3,Yes,42.5,1.3,14.3,Healthy,Moderate,No
618,34,Male,Loud,94,3.3,3,No,330.0,9.9,25.2,Damaged,Moderate,No
619,42,Female,Quiet,74,5.4,12,No,5.3,0.6,3.8,Healthy,Moderate,No
620,48,Female,Very Loud,110,3.7,32,Yes,466.2,149.2,62.2,Damaged,High,No
621,58,Female,Loud,87,2.7,19,No,53.6,10.2,41.0,Damaged,Moderate,Yes
622,62,Female,Moderate,84,12.0,32,No,119.1,38.1,66.4,Damaged,Moderate,No
623,40,Male,Loud,86,6.3,13,Yes,3.1,0.4,5.3,Healthy,Moderate,Yes
624,71,Male,Loud,87,3.1,16,No,61.5,9.8,53.5,Damaged,Low,Yes
625,52,Male,Moderate,77,2.3,23,No,4.5,1.0,12.9,Healthy,Moderate,No
626,30,Female,Loud,97,2.3,14,No,460.0,64.4,54.1,Damaged,Low,No
627,27,Female,Quiet,63,6.3,11,No,0.5,0.1,6.3,Healthy,Low,No
628,36,Male,Loud,96,2.2,20,Yes,10.9,2.2,20.5,Healthy,Low,No
629,38,Female,Moderate,83,1.9,21,No,15.0,3.2,19.2,Healthy,Moderate,No
630,54,Male,Very Loud,104,4.9,17,No,4938.9,839.6,51.7,Damaged,Low,No
631,30,Female,Quiet,64,12.0,1,No,1.2,0.0,-1.0,Healthy,Low,No
632,33,Female,Loud,99,3.9,17,No,1238.2,210.5,62.3,Damaged,Moderate,No
633,29,Male,Moderate,78,6.9,13,No,17.1,2.2,23.3,Healthy,Moderate,No
634,46,Male,Loud,89,7.8,19,No,245.7,46.7,54.4,Damaged,Moderate,No
635,20,Female,Moderate,81,0.5,4,No,2.5,0.1,1.2,Healthy,Moderate,No
636,50,Female,Moderate,76,1.0,1,No,1.6,0.0,7.4,Healthy,Moderate,No
637,30,Male,Quiet,67,3.2,1,No,0.6,0.0,10.1,Healthy,High,No
638,39,Male,Loud,99,0.5,4,No,158.7,6.3,34.3,Damaged,Low,Yes
639,48,Male,Moderate,77,3.3,32,No,6.5,2.1,17.0,Healthy,High,No
640,46,Female,Moderate,81,4.3,3,No,21.3,0.6,14.7,Healthy,Low,No
641,84,Female,Moderate,83,6.3,8,No,49.6,4.0,27.0,Damaged,Moderate,No
642,28,Female,Moderate,80,1.4,12,No,5.5,0.7,2.6,Healthy,High,No
643,18,Male,Loud,87,2.0,2,No,39.7,0.8,21.7,Healthy,High,Yes
644,22,Male,Moderate,81,1.3,6,No,6.4,0.4,8.5,Healthy,Moderate,No
645,54,Male,Very Loud,102,4.3,6,No,2730.3,163.8,69.8,Damaged,Moderate,No
646,26,Male,Moderate,77,6.0,10,No,11.8,1.2,12.1,Healthy,High,No
647,57,Female,Moderate,84,1.2,19,No,11.9,2.3,22.2,Healthy,Low,No
648,39,Male,Moderate,81,3.4,13,No,16.9,2.2,8.7,Healthy,Moderate,No
649,53,Male,Moderate,76,4.9,23,No,7.7,1.8,18.8,Healthy,High,No
650,19,Male,Moderate,81,4.0,3,No,19.8,0.6,13.0,Healthy,Moderate,No
651,58,Female,Loud,94,1.7,3,Yes,5.3,0.2,17.0,Healthy,Low,Yes
652,59,Female,Loud,91,1.9,27,No,95.0,25.6,54.4,Damaged,Low,No
653,28,Male,Quiet,67,1.5,2,No,0.3,0.0,12.3,Healthy,Low,Yes
654,62,Female,Loud,90,3.9,24,No,154.8,37.2,53.3,Damaged,Moderate,No
655,81,Male,Moderate,84,5.8,13,No,57.5,7.5,40.3,Damaged,High,Yes
656,42,Female,Quiet,62,2.3,24,No,0.1,0.0,12.7,Healthy,Low,No
657,28,Female,Quiet,63,4.1,12,No,0.3,0.0,14.4,Healthy,High,No
658,33,Female,Moderate,76,0.5,17,No,0.8,0.1,8.3,Healthy,High,No
659,38,Female,Loud,86,5.8,22,No,91.3,20.1,50.9,Damaged,Moderate,Yes
660,57,Female,Quiet,60,1.7,21,No,0.1,0.0,14.1,Healthy,Low,No
661,69,Female,Quiet,71,4.1,9,No,2.0,0.2,27.0,Damaged,Moderate,No
662,36,Female,Moderate,76,3.4,16,No,5.3,0.8,10.0,Healthy,Moderate,Yes
663,39,Female,Quiet,74,5.7,15,No,5.6,0.8,11.4,Healthy,Low,No
664,21,Male,Moderate,81,4.1,5,No,20.3,1.0,1.8,Healthy,Moderate,No
665,34,Male,Quiet,65,10.3,18,No,1.3,0.2,11.9,Healthy,Low,No
666,49,Male,Moderate,79,3.8,21,No,11.9,2.5,19.8,Healthy,Low,No
667,18,Male,Quiet,73,4.1,2,No,3.2,0.1,-2.8,Healthy,Moderate,No
668,52,Male,Loud,90,5.3,5,No,210.3,10.5,32.4,Damaged,Moderate,Yes
669,55,Male,Moderate,82,1.6,25,No,10.0,2.5,27.8,Damaged,Moderate,Yes
670,60,Female,Moderate,82,2.1,32,No,13.1,4.2,27.5,Damaged,Moderate,No
671,33,Female,Moderate,78,3.9,17,No,9.7,1.6,12.4,Healthy,Moderate,No
672,19,Female,Quiet,70,4.2,3,No,1.6,0.0,11.2,Healthy,Moderate,Yes
673,38,Male,Loud,87,2.6,5,No,51.6,2.6,8.6,Healthy,Moderate,No
674,26,Male,Quiet,66,2.1,4,No,0.3,0.0,13.2,Healthy,High,No
675,18,Male,Moderate,80,4.3,2,No,16.9,0.3,13.1,Healthy,Low,Yes
676,31,Female,Loud,92,6.6,15,No,415.8,62.4,52.7,Damaged,Low,No
677,21,Female,Quiet,66,6.1,5,No,0.9,0.0,14.0,Healthy,Moderate,No
678,71,Male,Moderate,84,4.9,32,No,48.6,15.6,42.3,Damaged,Low,No
679,53,Male,Loud,89,2.2,32,Yes,2.2,0.7,21.1,Healthy,Low,No
680,55,Male,Loud,89,3.0,11,No,94.5,10.4,41.8,Damaged,Moderate,Yes
681,25,Male,Moderate,84,6.0,9,No,59.5,5.4,23.4,Healthy,High,No
682,63,Female,Moderate,81,5.4,31,No,26.8,8.3,36.1,Damaged,High,Yes
683,36,Female,Moderate,80,1.5,20,No,5.9,1.2,14.7,Healthy,High,No
684,55,Male,Quiet,68,4.3,21,No,1.1,0.2,18.8,Healthy,Moderate,Yes
685,27,Male,Moderate,78,5.3,11,No,13.1,1.4,-0.7,Healthy,Low,No
686,51,Female,Moderate,83,2.9,9,No,22.8,2.1,20.9,Healthy,High,No
687,18,Male,Very Loud,111,2.9,2,Yes,460.3,9.2,22.8,Healthy,Moderate,No
688,39,Male,Loud,91,4.8,23,No,240.0,55.2,53.7,Damaged,Low,No
689,38,Male,Loud,90,2.5,22,No,99.2,21.8,56.7,Damaged,Low,No
690,22,Male,Quiet,71,4.2,6,No,2.1,0.1,12.1,Healthy,Low,No
691,42,Female,Loud,97,3.0,21,No,600.0,126.0,57.6,Damaged,Moderate,No
692,33,Male,Moderate,81,2.0,17,No,9.9,1.7,16.7,Healthy,Low,No
693,36,Male,Moderate,77,2.3,20,No,4.5,0.9,7.7,Healthy,Moderate,Yes
694,53,Male,Loud,92,2.5,24,Yes,4.9,1.2,18.4,Healthy,High,No
695,61,Female,Moderate,76,2.2,3,No,3.4,0.1,21.2,Healthy,Moderate,No
696,39,Male,Moderate,81,2.6,15,No,12.9,1.9,17.0,Healthy,Moderate,No
697,61,Male,Moderate,82,3.3,33,No,20.6,6.8,44.8,Damaged,Moderate,No
698,57,Male,Very Loud,110,4.2,1,No,16933.3,169.3,54.3,Damaged,Moderate,No
699,53,Male,Quiet,72,4.3,11,No,2.7,0.3,15.2,Healthy,Moderate,No
700,66,Female,Loud,86,4.5,21,No,70.9,14.9,37.5,Damaged,Low,No
701,19,Female,Very Loud,113,2.4,3,No,19352.4,580.6,56.3,Damaged,Moderate,No
702,62,Female,Quiet,63,1.7,21,No,0.1,0.0,12.3,Healthy,Low,No
703,48,Male,Moderate,82,4.2,10,No,26.2,2.6,13.9,Healthy,Moderate,No
704,36,Male,Quiet,68,7.2,20,No,1.8,0.4,11.7,Healthy,Moderate,No
705,39,Female,Moderate,79,5.3,19,No,16.6,3.2,4.0,Healthy,Low,No
706,57,Female,Moderate,79,9.9,21,No,30.9,6.5,26.7,Damaged,Moderate,No
707,60,Male,Quiet,72,0.9,33,No,0.6,0.2,13.9,Healthy,Low,No
708,53,Male,Quiet,70,1.9,23,No,0.7,0.2,7.5,Healthy,Low,No
709,25,Male,Moderate,82,3.0,9,No,18.8,1.7,15.0,Healthy,Moderate,No
710,20,Female,Quiet,72,0.9,4,No,0.6,0.0,12.2,Healthy,Moderate,No
711,43,Male,Moderate,76,1.9,2,No,3.0,0.1,9.2,Healthy,Moderate,No
712,52,Male,Moderate,82,1.7,25,No,10.6,2.6,29.4,Damaged,Moderate,No
713,32,Female,Loud,89,3.1,4,No,97.6,3.9,23.9,Healthy,Moderate,Yes
714,55,Male,Moderate,80,3.6,29,No,14.2,4.1,22.0,Healthy,Moderate,No
715,51,Female,Quiet,66,4.4,5,No,0.7,0.0,8.2,Healthy,Low,No
716,49,Female,Moderate,82,5.3,12,No,33.1,4.0,19.5,Healthy,Moderate,No
717,31,Female,Quiet,65,1.5,15,No,0.2,0.0,12.5,Healthy,Low,No
718,61,Female,Very Loud,102,6.3,16,No,4000.3,640.0,61.8,Damaged,Moderate,No
719,57,Female,Loud,86,4.1,4,Yes,2.0,0.1,11.4,Healthy,Moderate,No
720,62,Male,Quiet,66,4.4,27,No,0.7,0.2,12.4,Healthy,Moderate,No
721,48,Male,Moderate,80,5.8,21,No,22.8,4.8,18.5,Healthy,Moderate,No
722,23,Male,Moderate,78,5.7,7,No,14.1,1.0,6.5,Healthy,High,No
723,48,Male,Quiet,67,7.9,18,No,1.5,0.3,8.2,Healthy,Moderate,Yes
724,55,Male,Moderate,79,5.6,9,No,17.5,1.6,12.7,Healthy,Low,No
725,40,Female,Moderate,80,3.0,24,No,11.8,2.8,22.2,Healthy,High,No
726,25,Female,Loud,97,3.7,9,Yes,23.1,2.1,10.9,Healthy,Moderate,No
727,51,Female,Loud,89,3.5,32,No,110.2,35.3,61.3,Damaged,Low,Yes
728,52,Male,Moderate,81,8.9,31,No,44.1,13.7,45.9,Damaged,High,No
729,23,Female,Loud,93,5.2,7,No,412.7,28.9,47.7,Damaged,Low,No
730,31,Female,Loud,92,3.6,12,No,226.8,27.2,42.1,Damaged,Low,No
731,21,Female,Very Loud,112,1.2,5,No,7680.0,384.0,57.7,Damaged,Moderate,No
732,47,Male,Moderate,81,2.3,28,No,11.4,3.2,26.9,Damaged,Moderate,Yes
733,45,Female,Quiet,65,2.6,29,No,0.3,0.1,18.7,Healthy,High,No
734,68,Female,Moderate,83,3.3,35,No,26.0,9.1,44.6,Damaged,Low,No
735,28,Male,Quiet,64,2.5,12,No,0.2,0.0,8.1,Healthy,Moderate,No
736,62,Male,Loud,93,6.7,22,No,531.8,117.0,56.6,Damaged,Low,No
737,39,Male,Moderate,76,2.0,6,No,3.1,0.2,13.6,Healthy,Low,Yes
738,46,Male,Quiet,73,4.0,15,No,3.1,0.5,8.0,Healthy,Low,Yes
739,24,Male,Loud,88,2.9,8,Yes,2.3,0.2,-1.2,Healthy,Low,No
740,42,Female,Moderate,79,3.6,2,No,11.2,0.2,15.5,Healthy,Moderate,No
741,34,Female,Moderate,83,3.6,10,No,28.3,2.8,18.2,Healthy,Low,No
742,40,Male,Moderate,82,4.1,8,No,25.6,2.0,31.2,Damaged,Moderate,No
743,45,Female,Very Loud,110,4.5,29,Yes,567.0,164.4,64.2,Damaged,Low,No
744,49,Female,Loud,91,1.4,17,No,70.0,11.9,43.5,Damaged,High,No
745,54,Male,Quiet,68,1.7,35,No,0.4,0.1,8.4,Healthy,Moderate,No
746,42,Female,Moderate,80,4.0,26,No,15.7,4.1,19.5,Healthy,Low,Yes
747,29,Male,Quiet,67,6.7,11,No,1.3,0.1,4.6,Healthy,Low,Yes
748,57,Male,Quiet,64,4.1,32,No,0.4,0.1,24.5,Healthy,Moderate,Yes
749,43,Male,Very Loud,109,3.9,4,Yes,390.0,15.6,36.0,Damaged,Moderate,No
750,33,Female,Quiet,62,3.5,11,No,0.2,0.0,5.2,Healthy,Moderate,No
751,63,Female,Moderate,76,4.8,5,No,7.5,0.4,12.4,Healthy,Low,No
752,46,Male,Loud,98,3.2,25,Yes,25.2,6.3,32.0,Damaged,Low,No
753,53,Male,Quiet,70,3.8,6,No,1.5,0.1,12.6,Healthy,Moderate,Yes
754,18,Female,Quiet,63,1.7,2,No,0.1,0.0,4.4,Healthy,Low,No
755,33,Female,Loud,95,3.8,7,No,478.8,33.5,56.9,Damaged,Moderate,No
756,72,Female,Loud,96,3.3,3,No,523.8,15.7,57.9,Damaged,High,Yes
757,50,Female,Quiet,74,2.5,1,No,2.5,0.0,20.7,Healthy,Moderate,Yes
758,49,Male,Moderate,80,1.7,27,No,6.7,1.8,0.3,Healthy,Low,No
759,31,Male,Loud,98,0.5,15,No,126.0,18.9,36.7,Damaged,Moderate,Yes
760,40,Female,Loud,92,2.0,16,No,126.0,20.2,48.3,Damaged,Moderate,No
761,48,Female,Moderate,81,1.8,15,No,8.9,1.3,17.7,Healthy,Low,No
762,41,Female,Very Loud,107,5.3,7,No,10684.1,747.9,58.5,Damaged,Low,No
763,40,Male,Loud,99,2.6,17,No,825.4,140.3,63.5,Damaged,Low,No
764,18,Female,Moderate,79,5.6,2,No,17.5,0.4,6.0,Healthy,Low,No
765,30,Male,Moderate,83,3.5,1,No,27.6,0.3,11.3,Healthy,Moderate,No
766,35,Male,Quiet,74,2.7,19,No,2.7,0.5,6.7,Healthy,Low,No
767,50,Female,Moderate,81,5.5,17,No,27.3,4.6,26.8,Damaged,Low,No
768,50,Male,Quiet,60,6.9,1,No,0.3,0.0,15.3,Healthy,Moderate,No
769,42,Female,Quiet,60,1.9,23,No,0.1,0.0,16.6,Healthy,Low,No
770,31,Female,Moderate,78,5.8,15,No,14.4,2.2,15.3,Healthy,Low,No
771,31,Male,Quiet,66,3.8,15,No,0.6,0.1,2.4,Healthy,Low,No
772,46,Female,Moderate,80,2.4,18,No,9.4,1.7,21.1,Healthy,Low,Yes
773,22,Male,Moderate,84,2.7,6,No,26.8,1.6,20.2,Healthy,Moderate,No
774,39,Male,Loud,99,3.3,10,No,1047.7,104.8,63.4,Damaged,Moderate,Yes
775,37,Female,Moderate,83,2.4,3,No,18.9,0.6,12.8,Healthy,Moderate,No
776,38,Female,Very Loud,113,4.3,3,No,34673.0,1040.2,69.9,Damaged,High,Yes
777,67,Female,Moderate,81,8.3,3,No,41.2,1.2,17.2,Healthy,High,No
778,40,Female,Very Loud,110,1.2,6,No,4838.1,290.3,53.6,Damaged,Moderate,No
779,55,Female,Loud,99,6.4,13,No,2031.9,264.1,56.9,Damaged,Moderate,No
780,66,Female,Loud,90,4.2,30,Yes,5.2,1.6,22.1,Healthy,Low,No
781,49,Male,Moderate,84,0.5,16,No,5.0,0.8,12.7,Healthy,Moderate,No
782,42,Female,Moderate,78,5.6,15,No,13.9,2.1,15.4,Healthy,Moderate,Yes
783,23,Male,Quiet,73,4.1,7,No,3.2,0.2,9.8,Healthy,Low,No
784,66,Male,Moderate,76,3.8,29,No,5.9,1.7,16.3,Healthy,Moderate,No
785,25,Female,Very Loud,110,9.7,9,No,39107.9,3519.7,56.7,Damaged,Moderate,No
786,18,Male,Moderate,79,3.2,2,No,10.0,0.2,16.1,Healthy,Moderate,No
787,58,Male,Quiet,64,4.5,6,No,0.4,0.0,16.1,Healthy,Moderate,Yes
788,20,Male,Moderate,83,1.7,4,No,13.4,0.5,4.1,Healthy,Low,No
789,24,Male,Loud,98,5.7,8,No,1436.3,114.9,55.1,Damaged,Low,No
790,31,Female,Quiet,71,5.3,12,No,2.6,0.3,7.5,Healthy,High,No
791,24,Male,Moderate,82,5.9,8,No,36.9,3.0,23.4,Healthy,Moderate,No
792,18,Female,Quiet,67,4.9,2,No,1.0,0.0,4.8,Healthy,Moderate,Yes
793,44,Female,Loud,98,1.5,6,No,378.0,22.7,58.7,Damaged,Moderate,No
794,49,Male,Moderate,82,3.1,32,No,19.4,6.2,33.8,Damaged,High,No
795,53,Male,Quiet,60,1.7,8,No,0.1,0.0,18.5,Healthy,Low,No
796,41,Male,Very Loud,102,0.6,22,Yes,11.9,2.6,17.6,Healthy,Moderate,No
797,35,Male,Quiet,60,4.4,16,No,0.2,0.0,13.0,Healthy,Moderate,No
798,33,Male,Loud,99,2.9,8,No,920.7,73.7,53.3,Damaged,Low,No
799,59,Male,Quiet,68,2.9,2,No,0.7,0.0,24.9,Healthy,Low,Yes
800,54,Female,Very Loud,108,1.9,11,No,4825.7,530.8,58.8,Damaged,Low,No
801,35,Female,Loud,86,3.1,19,No,48.8,9.3,20.7,Healthy,Low,No
802,46,Female,Loud,96,3.4,23,No,539.7,124.1,70.5,Damaged,High,No
803,24,Female,Loud,89,1.3,8,No,40.9,3.3,18.9,Healthy,Low,Yes
804,49,Female,Loud,91,4.7,33,No,235.0,77.6,55.1,Damaged,Low,No
805,25,Female,Moderate,76,3.8,9,No,5.9,0.5,11.3,Healthy,Moderate,No
806,39,Female,Moderate,84,2.4,23,No,23.8,5.5,18.6,Healthy,Moderate,No
807,38,Male,Loud,90,2.5,6,No,99.2,6.0,21.9,Healthy,Low,No
808,18,Male,Loud,87,2.5,2,No,49.6,1.0,8.2,Healthy,Low,Yes
809,51,Female,Quiet,70,4.8,17,No,1.9,0.3,9.7,Healthy,Moderate,No
810,41,Male,Quiet,67,5.6,10,No,1.1,0.1,12.8,Healthy,High,No
811,29,Male,Loud,97,5.4,13,Yes,33.8,4.4,15.4,Healthy,Low,No
812,30,Female,Moderate,77,8.6,11,No,16.9,1.9,14.3,Healthy,Moderate,No
813,39,Female,Quiet,69,6.7,10,No,2.1,0.2,-4.1,Healthy,Low,No
814,38,Female,Moderate,82,1.6,22,No,10.0,2.2,16.3,Healthy,Low,No
815,48,Female,Very Loud,114,3.3,26,No,33525.9,8716.7,51.7,Damaged,Low,No
816,43,Female,Very Loud,112,3.2,2,Yes,640.0,12.8,40.9,Damaged,Low,No
817,50,Male,Very Loud,103,4.1,1,Yes,102.5,1.0,10.9,Healthy,Low,No
818,45,Male,Quiet,72,0.6,10,No,0.4,0.0,11.4,Healthy,Low,No
819,20,Male,Very Loud,110,6.5,4,No,26206.4,1048.3,58.6,Damaged,Low,No
820,20,Male,Loud,88,5.2,4,No,130.0,5.2,20.5,Healthy,Low,No
821,48,Female,Very Loud,106,6.3,15,No,10080.0,1512.0,56.3,Damaged,Low,Yes
822,47,Female,Quiet,64,2.1,7,No,0.2,0.0,14.9,Healthy,Low,No
823,41,Female,Moderate,77,5.0,25,No,9.8,2.4,16.1,Healthy,High,No
824,22,Male,Quiet,62,8.4,6,No,0.5,0.0,1.7,Healthy,Moderate,No
825,31,Male,Very Loud,102,2.4,15,No,1523.9,228.6,53.3,Damaged,Low,No
826,29,Female,Moderate,76,6.2,13,No,9.7,1.3,2.3,Healthy,Moderate,No
827,51,Male,Quiet,67,3.8,12,No,0.7,0.1,7.1,Healthy,Moderate,No
828,29,Male,Loud,91,1.6,5,Yes,2.5,0.1,7.5,Healthy,Moderate,No
829,21,Male,Very Loud,105,1.1,5,No,1396.9,69.8,54.4,Damaged,High,No
830,29,Female,Very Loud,111,2.4,8,Yes,381.0,30.5,54.2,Damaged,Moderate,Yes
831,46,Male,Loud,97,5.5,17,No,1100.0,187.0,57.2,Damaged,Low,No
832,65,Female,Loud,86,1.6,25,Yes,0.8,0.2,16.2,Healthy,Low,No
833,34,Male,Quiet,62,2.7,7,No,0.2,0.0,8.7,Healthy,Moderate,No
834,58,Female,Moderate,83,0.5,9,No,3.9,0.4,10.9,Healthy,High,No
835,35,Female,Quiet,66,5.1,19,No,0.8,0.2,8.8,Healthy,Moderate,No
836,35,Female,Loud,89,2.2,18,No,69.3,12.5,45.9,Damaged,High,No
837,29,Male,Quiet,61,2.0,9,No,0.1,0.0,16.1,Healthy,High,No
838,53,Female,Quiet,63,3.2,13,No,0.2,0.0,34.0,Damaged,High,Yes
839,34,Male,Moderate,78,5.0,14,No,12.4,1.7,9.0,Healthy,Low,No
840,55,Male,Quiet,70,0.5,2,No,0.2,0.0,11.0,Healthy,Low,No
841,35,Male,Very Loud,111,1.3,18,No,6603.6,1188.6,54.9,Damaged,Low,No
842,67,Male,Quiet,65,3.4,15,No,0.4,0.1,16.0,Healthy,Low,No
843,45,Female,Loud,97,4.0,22,No,800.0,176.0,77.6,Damaged,Moderate,Yes
844,42,Male,Very Loud,114,1.8,26,Yes,571.5,148.6,67.0,Damaged,Moderate,No
845,24,Male,Very Loud,111,5.7,8,No,28954.2,2316.3,61.4,Damaged,Moderate,No
846,61,Male,Quiet,62,6.4,23,No,0.4,0.1,6.6,Healthy,High,Yes
847,46,Female,Moderate,83,2.8,30,No,22.0,6.6,27.9,Damaged,Low,No
848,43,Male,Quiet,69,3.5,13,No,1.1,0.1,5.3,Healthy,Low,Yes
849,42,Male,Loud,94,1.9,22,No,190.0,41.8,63.1,Damaged,Moderate,No
850,34,Female,Quiet,66,5.5,4,No,0.9,0.0,16.7,Healthy,Low,Yes
851,34,Female,Moderate,84,3.0,18,No,29.8,5.4,30.2,Damaged,Moderate,No
852,47,Male,Loud,86,3.8,27,Yes,1.9,0.5,15.7,Healthy,Low,No
853,30,Female,Loud,90,4.8,1,No,190.5,1.9,7.8,Healthy,Low,No
854,40,Male,Moderate,83,6.0,16,No,47.2,7.6,40.0,Damaged,High,Yes
855,75,Female,Very Loud,104,7.1,28,No,7156.4,2003.8,71.9,Damaged,Moderate,Yes
856,40,Male,Loud,86,0.9,3,No,14.2,0.4,19.1,Healthy,Low,Yes
857,38,Male,Very Loud,108,7.2,6,No,18286.9,1097.2,58.0,Damaged,Low,Yes
858,55,Female,Loud,91,2.8,12,No,140.0,16.8,34.9,Damaged,Moderate,No
859,27,Male,Moderate,79,2.6,6,No,8.1,0.5,16.1,Healthy,Moderate,Yes
860,63,Male,Loud,91,3.3,14,No,165.0,23.1,65.6,Damaged,High,No
861,42,Female,Loud,88,2.2,20,No,55.0,11.0,28.2,Damaged,Low,No
862,25,Female,Loud,88,2.3,9,No,57.5,5.2,16.7,Healthy,Low,No
863,40,Male,Quiet,62,1.7,10,No,0.1,0.0,13.6,Healthy,Moderate,Yes
864,32,Female,Loud,89,2.9,16,Yes,2.9,0.5,10.3,Healthy,High,No
865,52,Male,Quiet,68,2.7,1,No,0.7,0.0,3.7,Healthy,Moderate,No
866,35,Male,Quiet,67,4.3,11,No,0.8,0.1,-5.0,Healthy,Moderate,No
867,53,Female,Loud,92,1.1,32,No,69.3,22.2,52.4,Damaged,Low,No
868,18,Male,Quiet,69,2.5,2,No,0.8,0.0,15.5,Healthy,High,No
869,35,Male,Quiet,65,2.8,19,No,0.3,0.1,2.6,Healthy,High,No
870,50,Male,Loud,88,3.9,6,No,97.5,5.8,33.6,Damaged,Low,Yes
871,49,Female,Loud,92,3.2,25,Yes,6.3,1.6,16.0,Healthy,Low,No
872,43,Female,Quiet,65,5.0,7,No,0.6,0.0,8.9,Healthy,High,No
873,53,Female,Quiet,70,8.9,6,No,3.5,0.2,7.0,Healthy,Low,No
874,54,Male,Loud,88,3.9,35,No,97.5,34.1,60.0,Damaged,Moderate,Yes
875,42,Male,Quiet,62,4.0,9,No,0.2,0.0,0.6,Healthy,Moderate,No
876,45,Female,Quiet,68,1.7,16,No,0.4,0.1,6.2,Healthy,High,No
877,55,Male,Quiet,72,3.3,19,No,2.0,0.4,12.5,Healthy,Moderate,No
878,44,Male,Quiet,72,4.5,21,No,2.8,0.6,7.1,Healthy,Moderate,No
879,18,Male,Quiet,73,1.1,2,No,0.9,0.0,17.1,Healthy,High,No
880,19,Female,Moderate,76,3.1,3,No,4.8,0.1,20.6,Healthy,Moderate,No
881,32,Female,Quiet,71,2.9,8,No,1.4,0.1,9.3,Healthy,High,No
882,52,Male,Very Loud,108,4.6,13,No,11683.3,1518.8,60.0,Damaged,Moderate,No
883,43,Female,Quiet,72,3.9,24,No,2.4,0.6,11.9,Healthy,Moderate,No
884,52,Male,Quiet,60,2.0,22,No,0.1,0.0,-0.8,Healthy,Low,No
885,57,Female,Moderate,76,8.1,5,No,12.7,0.6,15.3,Healthy,Low,Yes
886,50,Female,Quiet,72,12.0,5,No,7.4,0.4,15.6,Healthy,High,No
887,28,Male,Loud,88,0.9,12,No,22.5,2.7,25.0,Healthy,Moderate,Yes
888,54,Male,Loud,92,2.5,3,Yes,4.9,0.1,15.1,Healthy,Moderate,No
889,22,Female,Moderate,81,4.0,2,No,19.8,0.4,8.3,Healthy,Low,No
890,23,Male,Moderate,79,4.9,7,No,15.3,1.1,5.8,Healthy,Low,No
891,35,Male,Quiet,63,1.8,19,No,0.1,0.0,4.6,Healthy,Moderate,No
892,18,Female,Quiet,68,5.2,2,No,1.3,0.0,-1.3,Healthy,Moderate,No
893,66,Female,Very Loud,109,7.5,32,Yes,750.0,240.0,69.8,Damaged,Moderate,No
894,77,Male,Loud,91,2.9,24,Yes,4.5,1.1,27.4,Damaged,Moderate,No
895,39,Female,Very Loud,102,2.7,23,No,1714.4,394.3,47.7,Damaged,Moderate,No
896,36,Male,Moderate,84,8.5,16,No,84.3,13.5,38.4,Damaged,Moderate,No
897,18,Male,Moderate,79,6.4,2,No,20.0,0.4,7.5,Healthy,Low,No
898,49,Male,Loud,95,0.9,11,No,113.4,12.5,33.5,Damaged,Low,No
899,31,Female,Moderate,81,7.0,15,No,34.7,5.2,22.8,Healthy,Low,No
900,23,Male,Moderate,78,3.1,7,No,7.7,0.5,4.6,Healthy,High,No
901,20,Male,Moderate,82,3.5,4,No,21.9,0.9,-1.7,Healthy,Moderate,No
902,39,Female,Loud,91,4.8,23,No,240.0,55.2,50.1,Damaged,Moderate,No
903,38,Male,Loud,94,6.1,22,Yes,19.1,4.2,22.8,Healthy,Low,No
904,39,Female,Moderate,83,6.0,5,No,47.2,2.4,7.4,Healthy,Low,Yes
905,32,Male,Very Loud,105,2.8,16,No,3555.8,568.9,51.4,Damaged,Low,Yes
906,18,Male,Moderate,77,4.7,1,No,9.3,0.1,20.5,Healthy,High,No
907,62,Female,Loud,97,3.6,18,No,720.0,129.6,60.0,Damaged,Moderate,No
908,53,Male,Loud,93,3.3,24,Yes,8.2,2.0,19.1,Healthy,Low,No
909,32,Male,Moderate,81,1.9,16,No,9.4,1.5,10.4,Healthy,Low,No
910,21,Female,Moderate,78,4.3,5,No,10.7,0.5,4.5,Healthy,Moderate,Yes
911,26,Female,Moderate,78,4.2,1,No,10.4,0.1,3.2,Healthy,High,No
912,51,Female,Quiet,65,1.3,9,No,0.2,0.0,6.6,Healthy,Moderate,No
913,48,Female,Loud,90,1.7,21,Yes,2.1,0.4,3.3,Healthy,Low,No
914,45,Female,Moderate,84,3.8,7,No,37.7,2.6,19.2,Healthy,High,No
915,58,Female,Very Loud,106,0.5,10,No,800.0,80.0,69.5,Damaged,Moderate,No
916,32,Female,Loud,91,6.6,16,No,330.0,52.8,60.7,Damaged,Low,Yes
917,62,Female,Loud,99,1.0,28,Yes,9.9,2.8,20.2,Healthy,Low,Yes
918,43,Female,Very Loud,106,4.7,24,No,7520.0,1804.8,55.6,Damaged,Moderate,No
919,30,Female,Quiet,68,5.5,6,No,1.4,0.1,12.0,Healthy,Low,No
920,48,Female,Loud,86,1.6,32,Yes,0.8,0.3,17.9,Healthy,High,No
921,46,Female,Very Loud,114,9.9,20,No,100577.7,20115.5,61.4,Damaged,Low,No
922,30,Female,Loud,97,5.6,1,No,1120.0,11.2,21.4,Healthy,Moderate,No
923,67,Female,Moderate,79,0.9,8,No,2.8,0.2,5.5,Healthy,Low,No
924,18,Male,Moderate,79,5.0,2,No,15.6,0.3,12.8,Healthy,Moderate,No
925,45,Male,Quiet,62,2.5,29,No,0.2,0.1,15.9,Healthy,Moderate,No
926,47,Male,Moderate,84,1.7,7,No,16.9,1.2,16.5,Healthy,Moderate,Yes
927,30,Female,Quiet,60,3.1,9,No,0.1,0.0,-0.4,Healthy,Low,No
928,42,Male,Loud,92,3.6,21,No,226.8,47.6,53.5,Damaged,Low,Yes
929,60,Female,Loud,94,3.7,4,Yes,11.6,0.5,9.1,Healthy,Low,No
930,24,Male,Loud,94,1.3,4,No,130.0,5.2,14.6,Healthy,Low,No
931,25,Male,Loud,96,1.9,2,No,301.6,6.0,24.2,Healthy,Low,No
932,36,Male,Loud,92,2.8,20,No,176.4,35.3,48.4,Damaged,Moderate,Yes
933,49,Male,Quiet,66,3.0,16,No,0.5,0.1,16.9,Healthy,Moderate,No
934,58,Male,Quiet,74,2.0,34,No,2.0,0.7,16.8,Healthy,High,No
935,50,Male,Very Loud,106,2.4,13,Yes,120.0,15.6,43.9,Damaged,Low,No
936,24,Male,Very Loud,111,3.5,8,Yes,555.6,44.4,59.3,Damaged,High,No
937,58,Male,Moderate,79,3.5,15,No,10.9,1.6,24.3,Healthy,Low,Yes
938,52,Male,Quiet,72,7.8,24,No,4.8,1.2,9.7,Healthy,Low,No
939,56,Female,Very Loud,106,2.1,34,Yes,105.0,35.7,67.8,Damaged,Low,No
940,18,Female,Quiet,64,4.9,2,No,0.5,0.0,6.2,Healthy,Moderate,No
941,18,Female,Loud,99,5.7,2,Yes,56.6,1.1,8.0,Healthy,Moderate,No
942,31,Female,Loud,94,9.1,15,Yes,28.4,4.3,15.3,Healthy,High,No
943,34,Female,Loud,96,8.8,18,No,1396.9,251.4,54.4,Damaged,Moderate,No
944,40,Male,Loud,98,6.9,17,No,1738.7,295.6,56.7,Damaged,Low,No
945,24,Male,Loud,90,5.0,8,No,198.4,15.9,45.3,Damaged,High,Yes
946,25,Female,Loud,92,8.6,9,No,541.8,48.8,59.2,Damaged,Low,No
947,47,Female,Loud,93,1.2,6,No,95.2,5.7,37.0,Damaged,Moderate,No
948,18,Male,Loud,98,4.9,2,No,1234.7,24.7,44.6,Damaged,Low,Yes
949,23,Male,Moderate,77,3.2,2,No,6.3,0.1,10.9,Healthy,High,No
950,41,Female,Quiet,69,3.8,5,No,1.2,0.1,11.5,Healthy,High,No
951,51,Male,Very Loud,102,5.1,25,No,3238.3,809.6,62.0,Damaged,Low,No
952,44,Male,Loud,91,1.5,28,No,75.0,21.0,48.4,Damaged,Moderate,No
953,64,Female,Moderate,77,2.0,20,No,3.9,0.8,17.2,Healthy,Moderate,Yes
954,45,Female,Quiet,72,2.8,7,No,1.7,0.1,11.2,Healthy,Moderate,Yes
955,51,Male,Moderate,78,1.6,35,No,4.0,1.4,19.5,Healthy,Moderate,Yes
956,52,Female,Moderate,81,4.7,16,No,23.3,3.7,35.4,Damaged,Moderate,Yes
957,41,Male,Moderate,84,7.6,25,No,75.4,18.8,56.3,Damaged,Moderate,Yes
958,21,Male,Loud,99,3.0,5,Yes,29.8,1.5,16.1,Healthy,High,No
959,36,Female,Loud,88,4.7,8,Yes,3.7,0.3,13.0,Healthy,Moderate,Yes
960,37,Male,Moderate,84,1.9,2,No,18.9,0.4,6.8,Healthy,Low,No
961,27,Male,Very Loud,109,3.8,9,No,12160.0,1094.4,56.3,Damaged,Low,Yes
962,50,Male,Moderate,84,5.0,30,No,49.6,14.9,45.3,Damaged,Low,No
963,32,Female,Very Loud,108,4.2,16,Yes,333.4,53.3,65.3,Damaged,Low,Yes
964,18,Male,Quiet,72,5.1,2,No,3.2,0.1,13.6,Healthy,Low,No
965,40,Female,Quiet,60,2.4,24,No,0.1,0.0,-5.0,Healthy,Low,No
966,25,Male,Loud,94,6.1,9,No,610.0,54.9,51.0,Damaged,Moderate,No
967,48,Female,Quiet,67,3.8,21,No,0.7,0.1,28.6,Damaged,Low,Yes
968,18,Female,Loud,95,3.3,2,No,415.8,8.3,42.5,Damaged,Moderate,No
969,18,Male,Loud,89,3.0,2,No,94.5,1.9,10.6,Healthy,Moderate,No
970,40,Male,Very Loud,103,2.9,3,Yes,72.5,2.2,23.9,Healthy,Low,No
971,43,Female,Very Loud,107,3.0,21,No,6047.6,1270.0,60.2,Damaged,Moderate,Yes
972,41,Female,Moderate,76,5.3,8,No,8.3,0.7,2.9,Healthy,High,No
973,62,Female,Quiet,64,3.6,21,No,0.4,0.1,16.5,Healthy,Low,No
974,36,Female,Moderate,77,3.8,20,No,7.5,1.5,17.2,Healthy,Moderate,Yes
975,32,Male,Quiet,65,7.5,11,No,0.9,0.1,9.7,Healthy,Moderate,No
976,52,Female,Moderate,76,3.2,27,No,5.0,1.4,6.5,Healthy,Low,No
977,35,Female,Loud,88,2.9,19,No,72.5,13.8,32.6,Damaged,Low,No
978,46,Male,Loud,98,3.0,30,Yes,23.6,7.1,20.6,Healthy,Moderate,No
979,59,Female,Loud,90,4.5,7,Yes,5.6,0.4,12.2,Healthy,Moderate,Yes
980,37,Female,Quiet,68,10.8,21,No,2.7,0.6,2.7,Healthy,Low,No
981,38,Male,Loud,95,4.5,4,No,567.0,22.7,43.4,Damaged,Low,Yes
982,31,Male,Moderate,84,2.0,7,No,19.8,1.4,12.4,Healthy,Moderate,No
983,46,Male,Quiet,69,0.7,30,No,0.2,0.1,26.9,Damaged,High,Yes
984,49,Female,Loud,89,2.8,26,No,88.2,22.9,47.2,Damaged,Low,No
985,55,Male,Quiet,72,4.3,4,No,2.7,0.1,6.7,Healthy,High,No
986,50,Male,Loud,92,2.7,17,No,170.1,28.9,47.2,Damaged,Low,No
987,70,Female,Quiet,67,0.8,30,No,0.2,0.1,14.2,Healthy,Low,Yes
988,43,Female,Loud,89,5.3,21,No,166.9,35.0,54.1,Damaged,Low,No
989,42,Female,Quiet,68,1.2,12,No,0.3,0.0,0.4,Healthy,High,No
990,36,Male,Quiet,72,5.0,19,No,3.1,0.6,-1.1,Healthy,Low,No
991,59,Female,Quiet,72,3.5,22,No,2.2,0.5,8.5,Healthy,Low,No
992,42,Male,Moderate,84,7.0,26,No,69.4,18.0,45.7,Damaged,Low,Yes
993,36,Male,Moderate,83,2.8,5,No,22.0,1.1,30.9,Damaged,Moderate,Yes
994,21,Female,Loud,87,5.4,5,No,107.1,5.4,26.3,Damaged,Low,Yes
995,39,Female,Quiet,64,5.3,6,No,0.5,0.0,6.5,Healthy,Low,No
996,54,Male,Quiet,66,2.1,30,No,0.3,0.1,14.3,Healthy,Low,No
997,18,Female,Quiet,62,3.4,2,No,0.2,0.0,18.1,Healthy,Moderate,No
998,24,Male,Moderate,80,1.8,8,No,7.1,0.6,9.5,Healthy,High,No
999,27,Female,Moderate,82,0.8,11,No,5.0,0.6,14.7,Healthy,High,No
1000,29,Male,Loud,98,1.1,13,Yes,8.7,1.1,18.2,Healthy,Moderate,No
1001,42,Male,Loud,95,2.3,26,No,289.8,75.3,68.4,Damaged,Moderate,No
1002,35,Female,Moderate,79,2.8,9,No,8.8,0.8,9.8,Healthy,Low,No
1003,43,Female,Moderate,81,4.5,14,No,22.3,3.1,26.6,Damaged,Moderate,No
1004,45,Female,Quiet,69,4.2,11,No,1.3,0.1,0.8,Healthy,Low,Yes
1005,61,Female,Quiet,61,1.0,22,No,0.0,0.0,15.3,Healthy,Moderate,Yes
1006,37,Female,Moderate,76,3.3,3,No,5.2,0.2,22.2,Healthy,Moderate,No
1007,46,Female,Moderate,81,3.2,23,No,15.9,3.7,20.5,Healthy,Low,Yes
1008,38,Male,Quiet,71,3.2,2,No,1.6,0.0,10.5,Healthy,Low,No
1009,43,Female,Moderate,84,4.6,22,No,45.6,10.0,34.4,Damaged,Low,No
1010,36,Female,Moderate,79,5.0,12,No,15.6,1.9,25.1,Damaged,Low,No
1011,24,Male,Moderate,76,2.8,8,No,4.4,0.4,15.4,Healthy,Moderate,No
1012,47,Male,Quiet,63,9.7,12,No,0.8,0.1,12.5,Healthy,Low,Yes
1013,57,Male,Quiet,68,2.5,28,No,0.6,0.2,22.4,Healthy,Moderate,No
1014,27,Female,Quiet,69,2.9,1,No,0.9,0.0,5.0,Healthy,High,No
1015,41,Male,Quiet,60,2.4,7,No,0.1,0.0,-0.0,Healthy,Low,No
1016,41,Male,Moderate,81,3.8,7,No,18.9,1.3,10.2,Healthy,High,Yes
1017,18,Male,Moderate,82,1.3,2,No,8.1,0.2,6.8,Healthy,High,Yes
1018,70,Male,Quiet,70,2.7,34,No,1.1,0.4,9.3,Healthy,Moderate,No
1019,63,Female,Very Loud,104,5.7,8,No,5745.2,459.6,66.3,Damaged,High,No
1020,59,Male,Moderate,78,1.9,22,No,4.7,1.0,15.2,Healthy,Moderate,No
1021,56,Male,Very Loud,110,9.5,33,No,38301.6,12639.5,61.8,Damaged,Moderate,No
1022,29,Female,Moderate,82,4.1,13,No,25.6,3.3,22.0,Healthy,Moderate,Yes
1023,18,Male,Moderate,76,2.4,2,No,3.8,0.1,7.7,Healthy,Low,No
1024,40,Female,Loud,91,12.0,24,No,600.0,144.0,44.2,Damaged,Low,Yes
1025,42,Female,Quiet,67,2.8,26,No,0.5,0.1,5.1,Healthy,High,No
1026,37,Female,Very Loud,107,3.5,1,Yes,220.5,2.2,16.7,Healthy,Low,No
1027,35,Female,Moderate,82,1.5,7,No,9.4,0.7,8.5,Healthy,Low,No
1028,56,Female,Loud,94,1.0,23,Yes,3.1,0.7,17.6,Healthy,Moderate,Yes
1029,53,Female,Loud,91,7.5,21,No,375.0,78.8,63.8,Damaged,Low,No
1030,41,Female,Quiet,70,2.1,12,No,0.8,0.1,17.2,Healthy,Moderate,No
1031,34,Male,Very Loud,107,2.9,18,No,5846.0,1052.3,57.6,Damaged,Moderate,No
1032,75,Male,Loud,91,1.4,18,Yes,2.2,0.4,26.7,Damaged,Moderate,No
1033,53,Male,Loud,97,1.0,12,Yes,6.2,0.7,15.9,Healthy,Low,No
1034,43,Female,Moderate,81,2.0,19,No,9.9,1.9,12.8,Healthy,Low,No
1035,22,Male,Quiet,72,3.8,6,No,2.4,0.1,14.4,Healthy,High,No
1036,18,Male,Moderate,79,1.0,2,No,3.1,0.1,0.5,Healthy,Moderate,Yes
1037,18,Female,Quiet,69,2.2,2,No,0.7,0.0,10.1,Healthy,High,No
1038,37,Female,Moderate,81,6.4,21,No,31.7,6.7,27.8,Damaged,Moderate,No
1039,45,Female,Quiet,68,4.5,29,No,1.1,0.3,4.9,Healthy,Low,No
1040,39,Female,Moderate,81,6.0,21,No,29.8,6.3,21.8,Healthy,Low,No
1041,41,Female,Quiet,67,1.4,5,No,0.3,0.0,10.5,Healthy,High,No
1042,45,Female,Very Loud,102,1.1,16,No,698.5,111.8,68.6,Damaged,Low,Yes
1043,54,Female,Moderate,82,1.3,25,No,8.1,2.0,15.9,Healthy,Moderate,No
1044,18,Male,Quiet,66,5.3,2,No,0.8,0.0,13.8,Healthy,Low,No
1045,23,Male,Loud,92,1.3,7,No,81.9,5.7,10.5,Healthy,Low,No
1046,54,Female,Moderate,76,2.6,20,No,4.1,0.8,13.9,Healthy,Low,Yes
1047,45,Male,Loud,95,4.1,29,No,516.6,149.8,59.4,Damaged,Low,No
1048,49,Male,Loud,97,4.3,31,No,860.0,266.6,51.2,Damaged,Low,No
1049,26,Female,Loud,91,8.4,10,Yes,13.1,1.3,13.9,Healthy,High,No
1050,64,Female,Loud,92,6.5,3,No,409.5,12.3,40.3,Damaged,Moderate,No
1051,43,Male,Moderate,79,6.3,27,No,19.7,5.3,21.8,Healthy,Low,No
1052,38,Male,Loud,97,5.0,15,No,1000.0,150.0,60.4,Damaged,Low,No
1053,28,Female,Moderate,81,5.9,12,No,29.3,3.5,22.8,Healthy,Low,No
1054,44,Male,Moderate,82,1.3,28,No,8.1,2.3,18.1,Healthy,High,No
1055,44,Male,Loud,95,8.5,28,No,1070.9,299.9,65.2,Damaged,Moderate,No
1056,40,Male,Very Loud,110,5.0,4,Yes,630.0,25.2,44.9,Damaged,Moderate,No
1057,65,Female,Loud,90,3.3,3,No,131.0,3.9,23.7,Healthy,Low,Yes
1058,59,Male,Quiet,72,2.3,23,No,1.4,0.3,13.4,Healthy,Moderate,No
1059,41,Male,Quiet,61,1.9,13,No,0.1,0.0,10.7,Healthy,Moderate,No
1060,33,Male,Very Loud,105,6.2,17,Yes,246.0,41.8,62.2,Damaged,Moderate,No
1061,35,Male,Loud,90,0.6,19,No,23.8,4.5,14.5,Healthy,Low,No
1062,47,Female,Quiet,64,6.8,9,No,0.7,0.1,13.4,Healthy,High,Yes
1063,18,Male,Moderate,79,4.7,2,No,14.7,0.3,9.5,Healthy,Low,No
1064,46,Male,Moderate,78,1.4,5,No,3.5,0.2,16.4,Healthy,Moderate,No
1065,38,Male,Quiet,72,5.5,22,No,3.4,0.7,8.1,Healthy,Low,No
1066,73,Female,Quiet,71,5.0,21,No,2.5,0.5,11.9,Healthy,Low,No
1067,48,Female,Very Loud,111,4.3,15,No,21842.6,3276.4,68.9,Damaged,Low,Yes
1068,39,Female,Moderate,78,7.2,16,No,17.9,2.9,18.7,Healthy,Low,No
1069,43,Female,Moderate,84,2.3,1,No,22.8,0.2,12.6,Healthy,High,No
1070,33,Male,Loud,91,7.2,17,No,360.0,61.2,57.2,Damaged,Moderate,No
1071,32,Male,Quiet,62,2.4,5,No,0.1,0.0,12.4,Healthy,Moderate,No
1072,41,Male,Moderate,82,5.0,25,No,31.2,7.8,37.4,Damaged,High,No
1073,18,Female,Quiet,72,3.2,2,No,2.0,0.0,6.1,Healthy,Low,No
1074,42,Female,Moderate,80,3.2,11,No,12.6,1.4,18.0,Healthy,Low,No
1075,18,Male,Loud,95,3.3,2,No,415.8,8.3,24.6,Healthy,Moderate,No
1076,31,Male,Very Loud,112,5.1,2,No,32640.0,652.8,48.5,Damaged,Moderate,Yes
1077,31,Female,Moderate,79,5.7,3,No,17.8,0.5,5.9,Healthy,Moderate,No
1078,52,Female,Quiet,60,3.6,33,No,0.1,0.0,16.6,Healthy,High,No
1079,65,Male,Quiet,74,4.4,23,No,4.3,1.0,16.7,Healthy,Moderate,Yes
1080,63,Male,Moderate,80,2.2,24,No,8.7,2.1,30.2,Damaged,High,No
1081,35,Male,Moderate,79,4.0,6,No,12.5,0.8,7.8,Healthy,Low,No
1082,39,Male,Loud,86,1.2,21,Yes,0.6,0.1,7.5,Healthy,Moderate,Yes
1083,43,Female,Moderate,77,1.9,27,No,3.7,1.0,19.6,Healthy,Low,Yes
1084,44,Male,Moderate,79,1.7,28,No,5.3,1.5,16.6,Healthy,Moderate,Yes
1085,59,Female,Quiet,64,10.8,21,No,1.1,0.2,21.4,Healthy,Low,No
1086,52,Male,Quiet,63,8.3,2,No,0.6,0.0,22.7,Healthy,High,No
1087,42,Male,Loud,94,8.0,18,No,800.0,144.0,59.7,Damaged,Low,No
1088,71,Male,Moderate,84,1.9,24,No,18.9,4.5,21.3,Healthy,Moderate,Yes
1089,56,Male,Quiet,73,3.5,34,No,2.7,0.9,13.9,Healthy,Low,No
1090,70,Female,Moderate,76,2.6,24,No,4.1,1.0,24.1,Healthy,Low,No
1091,41,Female,Moderate,81,1.1,7,No,5.5,0.4,2.2,Healthy,Low,Yes
1092,51,Female,Very Loud,113,3.3,29,No,26609.5,7716.8,66.2,Damaged,Low,No
1093,47,Male,Moderate,79,7.8,21,No,24.4,5.1,27.7,Damaged,Low,No
1094,45,Male,Moderate,82,4.4,15,No,27.5,4.1,28.1,Damaged,Moderate,No
1095,27,Female,Quiet,62,2.1,11,No,0.1,0.0,14.3,Healthy,Moderate,No
1096,46,Male,Moderate,82,2.3,30,No,14.4,4.3,22.6,Healthy,Moderate,Yes
1097,21,Female,Very Loud,102,2.1,5,Yes,41.7,2.1,13.4,Healthy,Moderate,Yes
1098,48,Female,Quiet,62,2.1,32,No,0.1,0.0,18.0,Healthy,Low,Yes
1099,68,Male,Quiet,72,2.4,32,No,1.5,0.5,28.1,Damaged,High,Yes
1100,59,Female,Loud,98,4.2,20,No,1058.3,211.7,69.6,Damaged,Moderate,Yes
1101,47,Male,Moderate,78,3.1,30,No,7.7,2.3,20.5,Healthy,Moderate,No
1102,38,Female,Moderate,81,3.5,2,No,17.4,0.3,7.3,Healthy,Moderate,No
1103,54,Female,Quiet,67,1.9,17,No,0.4,0.1,8.4,Healthy,Moderate,No
1104,27,Male,Loud,87,3.5,5,No,69.4,3.5,24.4,Healthy,Low,Yes
1105,25,Female,Moderate,76,8.4,9,No,13.1,1.2,12.1,Healthy,Moderate,No
1106,23,Male,Very Loud,108,2.0,7,Yes,158.7,11.1,31.2,Damaged,Moderate,No
1107,48,Male,Quiet,65,1.5,19,No,0.2,0.0,-0.6,Healthy,Low,No
1108,23,Male,Quiet,71,3.9,7,No,1.9,0.1,-1.0,Healthy,Low,No
1109,51,Female,Loud,88,3.1,33,No,77.5,25.6,52.7,Damaged,Moderate,No
1110,58,Male,Quiet,61,2.1,29,No,0.1,0.0,9.0,Healthy,Low,No
1111,53,Female,Loud,91,5.8,34,Yes,9.1,3.1,36.0,Damaged,Moderate,No
1112,41,Male,Moderate,83,5.3,22,No,41.7,9.2,41.0,Damaged,Low,No
1113,49,Male,Quiet,60,1.2,26,No,0.0,0.0,13.6,Healthy,High,No
1114,25,Male,Quiet,67,2.8,6,No,0.5,0.0,3.6,Healthy,Low,No
1115,45,Female,Quiet,72,4.4,9,No,2.7,0.2,9.0,Healthy,Low,No
1116,67,Male,Moderate,83,3.9,4,No,30.7,1.2,23.8,Healthy,High,No
1117,64,Female,Quiet,70,0.9,33,No,0.4,0.1,6.4,Healthy,Low,No
1118,19,Male,Moderate,80,1.3,3,No,5.1,0.2,14.7,Healthy,High,Yes
1119,41,Male,Moderate,84,5.1,25,No,50.6,12.6,39.3,Damaged,Low,No
1120,37,Female,Moderate,84,1.8,20,No,17.9,3.6,14.8,Healthy,Low,Yes
1121,56,Male,Loud,97,2.0,3,No,400.0,12.0,50.6,Damaged,High,No
1122,46,Male,Loud,98,2.9,30,No,730.8,219.2,61.0,Damaged,Moderate,No
1123,41,Female,Quiet,68,1.8,12,No,0.4,0.0,0.7,Healthy,Moderate,No
1124,33,Male,Very Loud,113,1.9,17,Yes,478.8,81.4,62.9,Damaged,Moderate,No
1125,45,Male,Moderate,83,3.7,21,No,29.1,6.1,26.5,Damaged,Moderate,No
1126,40,Female,Very Loud,105,3.0,14,Yes,119.1,16.7,34.5,Damaged,Moderate,No
1127,43,Male,Very Loud,102,4.9,27,No,3111.3,840.1,60.6,Damaged,Low,No
1128,40,Male,Loud,99,1.5,24,Yes,14.9,3.6,11.1,Healthy,Low,No
1129,24,Female,Quiet,71,5.1,8,No,2.5,0.2,15.2,Healthy,Low,Yes
1130,48,Male,Very Loud,109,5.0,5,No,16000.0,800.0,60.5,Damaged,Low,No
1131,49,Female,Loud,92,7.0,2,Yes,13.8,0.3,0.8,Healthy,Low,No
1132,45,Male,Moderate,81,2.4,29,No,11.9,3.5,19.9,Healthy,Low,No
1133,46,Male,Moderate,84,1.3,20,No,12.9,2.6,29.2,Damaged,Low,Yes
1134,60,Female,Quiet,65,1.3,6,No,0.2,0.0,17.2,Healthy,Moderate,No
1135,58,Male,Moderate,78,1.1,34,No,2.7,0.9,23.8,Healthy,Moderate,Yes
1136,67,Male,Moderate,80,3.4,29,No,13.4,3.9,31.9,Damaged,Low,No
1137,53,Male,Very Loud,112,2.5,15,No,16000.0,2400.0,67.2,Damaged,High,No
1138,55,Female,Loud,90,1.8,33,Yes,2.2,0.7,12.9,Healthy,Low,No
1139,43,Female,Loud,99,6.3,6,No,2000.1,120.0,55.1,Damaged,Moderate,No
1140,27,Male,Moderate,79,5.1,11,No,15.9,1.7,25.5,Damaged,Moderate,No
1141,25,Male,Quiet,60,4.4,9,No,0.2,0.0,5.1,Healthy,High,No
1142,50,Female,Very Loud,103,1.3,30,No,1040.0,312.0,57.8,Damaged,Moderate,No
1143,44,Male,Moderate,83,4.6,25,No,36.2,9.0,33.6,Damaged,Low,Yes
1144,50,Female,Quiet,73,5.3,6,No,4.1,0.2,16.6,Healthy,High,No
1145,18,Female,Very Loud,110,2.8,2,No,11288.9,225.8,49.1,Damaged,Moderate,No
1146,39,Male,Quiet,71,1.3,23,No,0.6,0.1,16.0,Healthy,Low,Yes
1147,44,Female,Quiet,68,4.0,1,No,1.0,0.0,-2.7,Healthy,Moderate,No
1148,36,Female,Quiet,65,6.0,20,No,0.7,0.1,10.9,Healthy,Moderate,No
1149,38,Female,Loud,87,1.2,22,No,23.8,5.2,22.0,Healthy,Low,No
1150,18,Female,Moderate,78,2.5,2,No,6.2,0.1,3.5,Healthy,Low,Yes
1151,40,Male,Very Loud,109,1.0,24,Yes,100.0,24.0,55.7,Damaged,Low,No
1152,60,Male,Quiet,71,4.4,29,No,2.2,0.6,3.4,Healthy,Low,No
1153,24,Female,Quiet,61,6.1,6,No,0.3,0.0,15.0,Healthy,Moderate,Yes
1154,49,Female,Quiet,69,1.1,8,No,0.3,0.0,15.4,Healthy,Moderate,Yes
1155,31,Female,Moderate,80,6.6,15,No,26.0,3.9,26.6,Damaged,Moderate,Yes
1156,44,Male,Loud,93,1.4,22,No,111.1,24.4,45.8,Damaged,Moderate,No
1157,62,Female,Loud,86,5.5,29,Yes,2.7,0.8,18.3,Healthy,Moderate,No
1158,42,Female,Moderate,82,4.5,11,No,28.1,3.1,19.5,Healthy,Moderate,No
1159,47,Female,Quiet,62,5.4,14,No,0.3,0.0,9.4,Healthy,Moderate,No
1160,51,Male,Quiet,72,2.6,31,No,1.6,0.5,14.2,Healthy,Moderate,No
1161,41,Male,Loud,92,3.6,25,No,226.8,56.7,59.4,Damaged,Moderate,No
1162,60,Male,Very Loud,102,5.6,25,No,3555.8,889.0,54.1,Damaged,Low,No
1163,18,Female,Moderate,76,2.1,2,No,3.3,0.1,5.0,Healthy,Low,No
1164,37,Female,Moderate,77,4.0,18,No,7.9,1.4,23.1,Healthy,High,No
1165,18,Male,Loud,98,4.2,2,No,1058.3,21.2,47.6,Damaged,Moderate,Yes
1166,19,Male,Very Loud,106,3.7,3,No,5920.0,177.6,60.0,Damaged,Low,No
1167,41,Male,Moderate,83,3.3,7,No,26.0,1.8,15.8,Healthy,Moderate,No
1168,23,Male,Moderate,78,0.8,7,No,2.0,0.1,21.8,Healthy,High,No
1169,35,Male,Very Loud,106,3.5,19,No,5600.0,1064.0,56.0,Damaged,Moderate,No
1170,62,Female,Very Loud,111,1.4,7,Yes,222.2,15.6,40.0,Damaged,Low,No
1171,50,Female,Moderate,80,3.7,11,No,14.6,1.6,11.6,Healthy,Moderate,Yes
1172,89,Male,Moderate,82,9.6,23,No,60.0,13.8,56.0,Damaged,Moderate,No
1173,40,Male,Loud,89,1.2,23,Yes,1.2,0.3,14.2,Healthy,High,No
1174,43,Female,Loud,87,0.7,27,No,13.9,3.8,23.3,Healthy,High,Yes
1175,18,Male,Loud,92,1.8,2,No,113.4,2.3,23.8,Healthy,High,No
1176,41,Female,Quiet,65,4.8,25,No,0.6,0.2,6.5,Healthy,Low,No
1177,35,Female,Loud,99,2.2,6,No,698.5,41.9,49.8,Damaged,Low,No
1178,49,Male,Loud,98,4.6,28,No,1159.1,324.5,57.5,Damaged,Low,No
1179,42,Female,Moderate,80,6.3,21,No,24.8,5.2,27.7,Damaged,Low,Yes
1180,32,Male,Quiet,71,4.3,13,No,2.1,0.3,4.6,Healthy,Low,Yes
1181,18,Female,Moderate,83,6.6,2,No,52.0,1.0,8.9,Healthy,High,No
1182,53,Male,Moderate,83,4.0,22,No,31.5,6.9,28.6,Damaged,Moderate,No
1183,31,Male,Quiet,72,4.4,15,No,2.7,0.4,3.6,Healthy,Low,No
1184,18,Male,Moderate,84,9.1,2,No,90.3,1.8,15.4,Healthy,Moderate,No
1185,47,Male,Moderate,83,3.3,31,No,26.0,8.1,18.6,Healthy,Low,No
1186,18,Female,Moderate,78,1.9,2,No,4.7,0.1,-3.4,Healthy,Low,No
1187,32,Male,Moderate,83,2.0,11,No,15.7,1.7,13.6,Healthy,Low,No
1188,18,Male,Moderate,82,2.6,2,No,16.2,0.3,-5.0,Healthy,Low,Yes
1189,37,Female,Moderate,77,3.9,10,No,7.7,0.8,21.8,Healthy,Moderate,No
1190,18,Male,Very Loud,110,3.7,2,No,14917.5,298.4,52.7,Damaged,Low,No
1191,85,Female,Moderate,77,3.5,23,No,6.9,1.6,23.2,Healthy,Low,No
1192,58,Male,Loud,94,7.9,34,No,790.0,268.6,70.3,Damaged,High,No
1193,48,Male,Moderate,82,1.9,25,No,11.9,3.0,18.6,Healthy,Low,No
1194,46,Male,Moderate,81,1.1,12,No,5.5,0.7,15.5,Healthy,High,No
1195,51,Male,Quiet,67,2.1,22,No,0.4,0.1,24.3,Healthy,Moderate,Yes
1196,54,Male,Quiet,64,1.4,33,No,0.1,0.0,21.1,Healthy,Moderate,Yes
1197,45,Female,Quiet,69,2.7,17,No,0.8,0.1,5.6,Healthy,High,No
1198,24,Male,Very Loud,109,2.3,8,Yes,230.0,18.4,46.1,Damaged,Low,No
1199,43,Male,Quiet,66,6.7,17,No,1.0,0.2,13.9,Healthy,Low,No
1200,18,Female,Quiet,68,5.6,2,No,1.4,0.0,10.5,Healthy,Low,No
1201,35,Male,Loud,92,1.2,11,No,75.6,8.3,33.0,Damaged,Moderate,Yes
1202,47,Female,Very Loud,109,3.1,15,Yes,310.0,46.5,60.2,Damaged,Low,Yes
1203,24,Female,Loud,89,4.4,6,No,138.6,8.3,39.4,Damaged,Low,No
1204,47,Female,Moderate,81,1.8,1,No,8.9,0.1,19.2,Healthy,High,Yes
1205,34,Male,Loud,91,6.4,18,No,320.0,57.6,67.4,Damaged,Low,No
1206,77,Male,Very Loud,110,1.3,33,No,5241.3,1729.6,53.7,Damaged,Moderate,No
1207,35,Female,Very Loud,114,7.7,19,No,78227.1,14863.1,61.2,Damaged,Low,No
1208,48,Male,Loud,94,5.2,1,No,520.0,5.2,32.6,Damaged,Low,Yes
1209,50,Male,Loud,91,1.8,10,No,90.0,9.0,47.2,Damaged,High,No
1210,43,Female,Loud,96,2.1,8,No,333.4,26.7,60.4,Damaged,Low,No
1211,46,Female,Moderate,78,3.1,29,No,7.7,2.2,16.7,Healthy,Low,No
1212,37,Male,Loud,93,5.2,21,Yes,12.9,2.7,25.0,Healthy,Moderate,Yes
1213,43,Female,Moderate,80,3.7,16,No,14.6,2.3,19.1,Healthy,Low,No
1214,44,Male,Loud,87,4.8,18,Yes,3.0,0.5,16.7,Healthy,Moderate,No
1215,54,Female,Loud,89,3.8,31,No,119.7,37.1,68.7,Damaged,Moderate,No
1216,60,Female,Moderate,76,2.3,22,No,3.6,0.8,8.7,Healthy,Moderate,No
1217,41,Male,Quiet,69,1.6,9,No,0.5,0.0,10.2,Healthy,High,No
1218,63,Female,Quiet,64,2.4,8,No,0.2,0.0,10.2,Healthy,Moderate,No
1219,41,Male,Very Loud,112,1.9,25,Yes,380.0,95.0,57.7,Damaged,Low,No
1220,27,Male,Moderate,84,2.1,11,No,20.8,2.3,10.3,Healthy,High,No
1221,35,Female,Moderate,84,7.2,16,No,71.4,11.4,28.2,Damaged,Low,No
1222,32,Female,Quiet,74,0.5,1,No,0.5,0.0,11.1,Healthy,High,No
1223,38,Male,Quiet,74,6.4,19,No,6.3,1.2,26.0,Damaged,High,No
1224,43,Male,Very Loud,104,3.3,14,No,3326.2,465.7,63.8,Damaged,Moderate,No
1225,45,Female,Moderate,80,8.5,26,No,33.5,8.7,28.1,Damaged,Moderate,Yes
1226,60,Female,Loud,87,5.5,3,No,109.1,3.3,31.2,Damaged,Moderate,Yes
1227,53,Male,Moderate,79,9.8,30,No,30.6,9.2,34.2,Damaged,Low,No
1228,36,Male,Quiet,60,3.3,12,No,0.1,0.0,14.1,Healthy,Moderate,No
1229,50,Female,Very Loud,103,7.8,13,No,6240.0,811.2,72.2,Damaged,Moderate,No
1230,41,Male,Quiet,73,1.1,7,No,0.9,0.1,1.2,Healthy,Moderate,No
1231,54,Male,Moderate,82,2.0,17,No,12.5,2.1,16.8,Healthy,Low,No
1232,61,Female,Moderate,82,1.4,1,No,8.8,0.1,21.4,Healthy,Moderate,No
1233,40,Female,Loud,92,2.2,7,No,138.6,9.7,20.3,Healthy,Moderate,No
1234,54,Female,Quiet,71,4.9,1,No,2.4,0.0,12.1,Healthy,Low,No
1235,63,Male,Quiet,69,3.7,20,No,1.1,0.2,12.3,Healthy,Low,No
1236,48,Female,Quiet,63,2.9,10,No,0.2,0.0,6.6,Healthy,Moderate,No
1237,26,Female,Moderate,82,10.2,10,No,63.7,6.4,13.1,Healthy,Low,No
1238,40,Female,Moderate,84,0.6,22,No,6.0,1.3,8.0,Healthy,Moderate,No
1239,29,Female,Loud,88,2.1,9,Yes,1.6,0.1,12.3,Healthy,High,No
1240,57,Male,Loud,91,0.7,10,Yes,1.1,0.1,11.4,Healthy,Moderate,No
1241,45,Male,Quiet,74,5.1,6,No,5.0,0.3,8.8,Healthy,Low,No
1242,47,Female,Very Loud,103,1.5,9,No,1200.0,108.0,64.0,Damaged,Moderate,No
1243,69,Female,Quiet,65,1.2,27,No,0.1,0.0,24.8,Healthy,High,Yes
1244,53,Female,Very Loud,105,3.9,17,Yes,154.8,26.3,47.9,Damaged,High,No
1245,44,Male,Quiet,61,6.9,7,No,0.3,0.0,7.6,Healthy,Low,No
1246,18,Female,Loud,92,1.2,2,Yes,2.4,0.0,6.5,Healthy,Low,Yes
1247,34,Female,Quiet,70,3.5,16,No,1.4,0.2,4.5,Healthy,High,No
1248,32,Female,Moderate,76,10.8,16,No,16.9,2.7,20.7,Healthy,High,No
1249,39,Female,Very Loud,107,4.7,2,No,9474.6,189.5,50.5,Damaged,Low,No
1250,23,Female,Very Loud,108,4.6,7,Yes,365.1,25.6,41.2,Damaged,High,No
1251,51,Female,Very Loud,105,3.6,16,No,4571.7,731.5,44.3,Damaged,Moderate,No
1252,61,Male,Loud,89,1.7,10,No,53.5,5.4,19.4,Healthy,Low,No
1253,37,Female,Quiet,65,5.9,8,No,0.7,0.1,25.5,Damaged,High,Yes
1254,20,Female,Quiet,64,5.1,4,No,0.5,0.0,-0.9,Healthy,High,No
1255,44,Female,Loud,93,1.7,7,Yes,4.2,0.3,17.6,Healthy,Low,Yes
1256,38,Female,Moderate,83,2.0,5,No,15.7,0.8,16.3,Healthy,Moderate,Yes
1257,57,Female,Moderate,80,4.6,18,No,18.1,3.3,28.9,Damaged,High,Yes
1258,41,Female,Very Loud,101,3.0,5,No,1511.9,75.6,54.8,Damaged,Low,No
1259,31,Male,Moderate,82,0.9,5,No,5.6,0.3,9.6,Healthy,Low,No
1260,21,Male,Loud,92,3.6,5,No,226.8,11.3,26.6,Damaged,Moderate,No
1261,42,Male,Moderate,78,2.3,26,No,5.7,1.5,18.1,Healthy,High,No
1262,18,Male,Loud,99,1.6,2,Yes,15.9,0.3,13.7,Healthy,Moderate,Yes
1263,25,Male,Moderate,82,4.6,9,No,28.7,2.6,12.6,Healthy,Moderate,No
1264,53,Male,Quiet,62,2.3,1,No,0.1,0.0,15.3,Healthy,High,Yes
1265,40,Female,Quiet,64,2.5,5,No,0.2,0.0,14.2,Healthy,High,No
1266,41,Male,Very Loud,106,3.7,21,No,5920.0,1243.2,54.0,Damaged,Low,No
1267,38,Female,Loud,93,7.5,8,Yes,18.6,1.5,17.7,Healthy,High,No
1268,21,Female,Quiet,61,3.4,5,No,0.2,0.0,5.4,Healthy,Low,No
1269,36,Male,Moderate,81,1.9,20,No,9.4,1.9,22.9,Healthy,Low,No
1270,49,Female,Loud,86,0.8,30,No,12.6,3.8,14.7,Healthy,Moderate,No
1271,50,Male,Very Loud,114,5.4,5,Yes,1714.4,85.7,59.6,Damaged,High,No
1272,26,Male,Moderate,76,2.4,10,No,3.8,0.4,8.1,Healthy,Moderate,No
1273,43,Male,Loud,93,7.7,6,No,611.1,36.7,58.7,Damaged,Low,No
1274,56,Female,Loud,92,5.9,23,No,371.7,85.5,67.6,Damaged,High,No
1275,46,Male,Very Loud,113,1.5,21,No,12095.2,2540.0,63.4,Damaged,High,Yes
1276,65,Male,Moderate,77,2.4,30,No,4.7,1.4,23.5,Healthy,Moderate,No
1277,42,Female,Very Loud,113,2.9,23,No,23384.1,5378.3,57.6,Damaged,Moderate,No
1278,18,Female,Very Loud,102,6.6,2,No,4190.7,83.8,55.0,Damaged,Low,No
1279,42,Female,Loud,99,2.4,23,No,762.0,175.3,60.4,Damaged,High,No
1280,44,Female,Moderate,77,2.7,11,No,5.3,0.6,7.2,Healthy,Moderate,No
1281,52,Female,Very Loud,105,11.5,3,No,14604.1,438.1,62.1,Damaged,Moderate,No
1282,49,Male,Quiet,62,3.3,5,No,0.2,0.0,-0.7,Healthy,Moderate,No
1283,65,Male,Moderate,76,3.1,19,No,4.8,0.9,27.1,Damaged,High,No
1284,51,Female,Loud,98,8.7,3,No,2192.3,65.8,61.7,Damaged,Low,No
1285,45,Male,Loud,95,3.2,29,No,403.2,116.9,57.3,Damaged,High,No
1286,34,Male,Moderate,78,4.3,18,No,10.7,1.9,14.2,Healthy,Moderate,No
1287,38,Male,Quiet,73,1.8,22,No,1.4,0.3,4.0,Healthy,Low,No
1288,62,Female,Quiet,73,3.5,11,No,2.7,0.3,6.5,Healthy,Low,No
1289,70,Male,Loud,93,3.9,11,No,309.5,34.0,69.8,Damaged,Moderate,No
1290,47,Female,Very Loud,106,12.0,10,Yes,600.0,60.0,52.8,Damaged,Moderate,No
1291,45,Male,Quiet,66,5.3,13,No,0.8,0.1,7.5,Healthy,Low,No
1292,39,Male,Quiet,74,2.8,5,No,2.8,0.1,17.4,Healthy,High,No
1293,46,Female,Quiet,72,2.2,21,No,1.4,0.3,13.3,Healthy,High,No
1294,43,Female,Loud,99,2.0,12,No,635.0,76.2,62.6,Damaged,Moderate,Yes
1295,35,Male,Quiet,68,1.0,19,No,0.2,0.0,9.9,Healthy,High,No
1296,56,Male,Quiet,65,1.7,17,No,0.2,0.0,25.0,Healthy,High,Yes
1297,26,Male,Loud,86,3.0,10,No,47.2,4.7,32.2,Damaged,Moderate,Yes
1298,44,Male,Moderate,76,2.7,25,No,4.2,1.0,9.8,Healthy,Moderate,No
1299,45,Female,Moderate,79,2.8,26,No,8.8,2.3,18.6,Healthy,Moderate,No
1300,52,Male,Moderate,81,4.7,11,No,23.3,2.6,22.6,Healthy,Low,No
1301,40,Female,Quiet,70,12.0,24,No,4.7,1.1,9.1,Healthy,Low,No
1302,28,Male,Quiet,63,1.2,12,No,0.1,0.0,18.8,Healthy,Low,No
1303,41,Male,Quiet,66,2.3,25,No,0.4,0.1,2.6,Healthy,Moderate,Yes
1304,27,Female,Very Loud,106,3.5,11,Yes,175.0,19.2,37.4,Damaged,Moderate,No
1305,37,Male,Moderate,76,12.0,16,No,18.8,3.0,19.7,Healthy,Low,No
1306,31,Female,Quiet,72,1.4,15,No,0.9,0.1,8.6,Healthy,High,No
1307,78,Female,Quiet,74,2.4,24,No,2.4,0.6,17.4,Healthy,Moderate,No
1308,18,Female,Loud,96,2.2,2,No,349.2,7.0,26.7,Damaged,Low,No
1309,24,Male,Quiet,63,4.0,8,No,0.3,0.0,7.5,Healthy,Moderate,No
1310,60,Male,Loud,95,2.4,35,No,302.4,105.8,70.2,Damaged,Moderate,No
1311,39,Male,Quiet,62,0.9,20,No,0.1,0.0,7.2,Healthy,Moderate,Yes
1312,21,Female,Quiet,66,0.9,5,No,0.1,0.0,9.4,Healthy,Low,No
1313,51,Female,Moderate,77,1.4,18,No,2.8,0.5,10.4,Healthy,High,No
1314,73,Female,Moderate,80,3.9,16,No,15.4,2.5,16.4,Healthy,High,No
1315,42,Female,Moderate,82,2.5,26,No,15.6,4.1,21.7,Healthy,Low,No
1316,55,Male,Quiet,63,1.6,14,No,0.1,0.0,-0.0,Healthy,Low,No
1317,22,Male,Quiet,70,3.6,6,No,1.4,0.1,8.3,Healthy,Moderate,No
1318,33,Female,Quiet,69,8.9,6,No,2.8,0.2,17.5,Healthy,High,Yes
1319,45,Male,Quiet,71,3.1,21,No,1.5,0.3,16.0,Healthy,Moderate,No
1320,45,Female,Loud,97,4.9,23,No,980.0,225.4,67.4,Damaged,Moderate,Yes
1321,32,Female,Quiet,67,3.4,16,No,0.7,0.1,3.3,Healthy,Moderate,No
1322,33,Female,Moderate,77,1.4,17,No,2.8,0.5,18.2,Healthy,Moderate,No
1323,33,Male,Moderate,80,1.9,17,No,7.5,1.3,4.1,Healthy,Low,Yes
1324,30,Male,Loud,91,4.5,8,Yes,7.0,0.6,14.2,Healthy,Low,No
1325,34,Male,Quiet,70,10.3,18,No,4.0,0.7,10.4,Healthy,Low,No
1326,33,Male,Moderate,81,5.3,17,No,26.3,4.5,22.8,Healthy,High,Yes
1327,49,Male,Quiet,69,3.7,21,No,1.1,0.2,7.5,Healthy,Moderate,No
1328,21,Male,Quiet,61,2.0,5,No,0.1,0.0,7.8,Healthy,Moderate,No
1329,49,Male,Loud,98,7.9,33,No,1990.7,656.9,61.6,Damaged,High,No
1330,68,Male,Moderate,76,5.0,4,No,7.8,0.3,22.9,Healthy,Moderate,Yes
1331,44,Female,Quiet,66,5.3,28,No,0.8,0.2,14.2,Healthy,Moderate,No
1332,35,Male,Moderate,81,3.0,19,No,14.9,2.8,26.7,Damaged,High,Yes
1333,28,Male,Loud,99,0.6,12,No,190.5,22.9,48.1,Damaged,Low,No
1334,34,Male,Loud,94,2.3,13,Yes,7.2,0.9,7.9,Healthy,High,No
1335,24,Male,Moderate,80,6.8,8,No,26.8,2.1,12.2,Healthy,High,No
1336,46,Male,Quiet,74,2.0,3,No,2.0,0.1,16.8,Healthy,Low,No
1337,40,Male,Quiet,72,1.6,23,No,1.0,0.2,12.5,Healthy,Low,Yes
1338,53,Female,Very Loud,110,7.1,8,No,28625.4,2290.0,68.2,Damaged,High,No
1339,46,Female,Quiet,68,4.1,12,No,1.0,0.1,13.9,Healthy,Moderate,No
1340,54,Female,Loud,90,4.2,32,No,166.7,53.3,66.2,Damaged,Moderate,No
1341,65,Male,Loud,95,2.8,23,No,352.8,81.1,66.4,Damaged,High,No
1342,57,Male,Moderate,76,2.0,18,No,3.1,0.6,10.3,Healthy,Moderate,No
1343,84,Male,Very Loud,106,6.7,5,No,10720.0,536.0,76.7,Damaged,Moderate,Yes
1344,60,Female,Moderate,83,3.3,2,No,26.0,0.5,18.6,Healthy,Low,No
1345,36,Male,Loud,96,4.0,19,No,635.0,120.6,54.8,Damaged,Low,No
1346,52,Female,Loud,90,3.0,32,No,119.1,38.1,51.1,Damaged,Low,No
1347,54,Female,Quiet,72,1.8,31,No,1.1,0.3,16.2,Healthy,Moderate,No
1348,45,Female,Quiet,69,3.1,5,No,1.0,0.0,1.0,Healthy,Low,Yes
1349,54,Male,Quiet,74,2.5,6,No,2.5,0.2,10.9,Healthy,Moderate,No
1350,52,Male,Moderate,76,2.5,32,No,3.9,1.2,12.9,Healthy,Moderate,No
1351,63,Female,Very Loud,105,1.1,16,Yes,43.7,7.0,39.6,Damaged,Moderate,No
1352,41,Female,Moderate,83,4.4,6,No,34.6,2.1,3.1,Healthy,Low,No
1353,29,Male,Moderate,82,2.6,13,No,16.2,2.1,9.1,Healthy,Low,No
1354,37,Male,Loud,92,2.2,21,Yes,4.3,0.9,14.1,Healthy,Low,Yes
1355,18,Male,Quiet,63,5.3,2,No,0.4,0.0,-5.0,Healthy,Low,No
1356,18,Male,Moderate,83,3.2,2,No,25.2,0.5,2.5,Healthy,Low,No
1357,27,Male,Moderate,83,1.0,11,No,7.9,0.9,23.3,Healthy,Low,Yes
1358,35,Female,Loud,86,4.8,19,No,75.6,14.4,36.0,Damaged,Moderate,No
1359,32,Female,Moderate,84,4.1,16,No,40.7,6.5,26.5,Damaged,High,No
1360,60,Male,Quiet,71,1.2,1,No,0.6,0.0,1.2,Healthy,Moderate,No
1361,26,Male,Very Loud,106,4.8,10,No,7680.0,768.0,52.0,Damaged,Moderate,No
1362,24,Female,Moderate,79,1.7,8,No,5.3,0.4,8.8,Healthy,Low,No
1363,72,Female,Very Loud,111,6.0,6,No,30478.1,1828.7,66.6,Damaged,Low,Yes
1364,19,Female,Moderate,80,4.3,3,No,16.9,0.5,-1.4,Healthy,Low,No
1365,54,Female,Very Loud,109,5.5,30,Yes,550.0,165.0,68.9,Damaged,High,No
1366,41,Female,Very Loud,103,2.5,6,Yes,62.5,3.8,20.3,Healthy,Low,No
1367,18,Male,Very Loud,109,4.6,2,Yes,460.0,9.2,31.3,Damaged,Moderate,No
1368,57,Male,Loud,95,0.5,12,Yes,2.0,0.2,16.5,Healthy,Low,No
1369,37,Male,Quiet,68,2.7,19,No,0.7,0.1,4.3,Healthy,Low,No
1370,48,Male,Loud,88,4.8,25,Yes,3.8,1.0,16.6,Healthy,Low,No
1371,46,Female,Quiet,67,5.8,10,No,1.1,0.1,-3.5,Healthy,Moderate,No
1372,48,Male,Moderate,80,1.6,32,No,6.3,2.0,26.6,Damaged,Moderate,No
1373,56,Male,Moderate,79,8.0,4,No,25.0,1.0,5.7,Healthy,Moderate,No
1374,75,Male,Moderate,80,3.3,35,No,13.0,4.6,18.0,Healthy,Low,No
1375,47,Male,Loud,96,4.2,24,Yes,20.8,5.0,22.0,Healthy,High,No
1376,40,Male,Quiet,73,4.4,24,No,3.4,0.8,15.4,Healthy,Moderate,No
1377,56,Male,Moderate,78,9.7,13,No,24.1,3.1,23.6,Healthy,High,No
1378,50,Male,Moderate,84,4.0,24,No,39.7,9.5,42.0,Damaged,Moderate,No
1379,18,Female,Quiet,72,1.9,2,No,1.2,0.0,13.9,Healthy,Moderate,Yes
1380,49,Male,Quiet,65,1.9,33,No,0.2,0.1,14.9,Healthy,Moderate,Yes
1381,37,Female,Loud,91,4.6,2,Yes,7.2,0.1,5.7,Healthy,High,Yes
1382,39,Female,Moderate,82,3.4,9,No,21.2,1.9,21.6,Healthy,High,No
1383,21,Male,Loud,94,2.3,2,No,230.0,4.6,19.3,Healthy,Moderate,No
1384,71,Male,Loud,99,5.5,24,Yes,54.6,13.1,51.3,Damaged,Moderate,No
1385,50,Female,Quiet,60,3.3,3,No,0.1,0.0,8.0,Healthy,Low,No
1386,36,Female,Moderate,83,4.4,5,No,34.6,1.7,19.0,Healthy,High,No
1387,36,Male,Quiet,67,6.2,2,No,1.2,0.0,8.9,Healthy,Moderate,No
1388,40,Male,Quiet,70,4.5,10,No,1.8,0.2,18.6,Healthy,Moderate,No
1389,41,Female,Quiet,63,3.9,7,No,0.3,0.0,14.8,Healthy,High,No
1390,54,Female,Loud,92,4.3,23,No,270.9,62.3,72.2,Damaged,Moderate,Yes
1391,48,Male,Quiet,70,5.0,28,No,2.0,0.6,9.9,Healthy,Moderate,No
1392,35,Male,Loud,93,6.4,19,No,508.0,96.5,63.6,Damaged,High,No
1393,39,Male,Moderate,83,9.0,21,No,70.9,14.9,55.8,Damaged,Moderate,Yes
1394,51,Male,Quiet,66,2.3,14,No,0.4,0.1,8.4,Healthy,Low,No
1395,28,Female,Moderate,82,1.0,7,No,6.2,0.4,7.1,Healthy,Low,No
1396,36,Male,Quiet,66,3.7,20,No,0.6,0.1,6.6,Healthy,Moderate,No
1397,57,Male,Moderate,80,3.4,10,No,13.4,1.3,27.8,Damaged,High,No
1398,42,Male,Quiet,63,2.5,26,No,0.2,0.1,11.0,Healthy,Low,Yes
1399,64,Male,Moderate,80,4.7,26,No,18.5,4.8,25.5,Damaged,High,No
1400,25,Female,Quiet,67,3.1,9,No,0.6,0.1,14.0,Healthy,High,No
1401,36,Female,Loud,96,3.0,20,Yes,14.9,3.0,18.4,Healthy,Moderate,No
1402,31,Female,Loud,92,3.5,15,Yes,6.9,1.0,4.8,Healthy,Low,No
1403,30,Male,Moderate,78,2.5,14,No,6.2,0.9,12.4,Healthy,High,No
1404,54,Female,Loud,98,2.1,19,Yes,16.5,3.1,17.5,Healthy,Low,No
1405,59,Male,Moderate,81,4.1,14,No,20.3,2.8,22.7,Healthy,Low,No
1406,44,Female,Moderate,77,3.5,23,No,6.9,1.6,13.3,Healthy,Moderate,No
1407,41,Female,Quiet,62,7.2,25,No,0.4,0.1,2.4,Healthy,Low,No
1408,70,Female,Very Loud,105,7.3,27,No,9270.4,2503.0,52.2,Damaged,Moderate,No
1409,67,Male,Very Loud,109,3.5,11,No,11200.0,1232.0,66.1,Damaged,High,No
1410,18,Female,Loud,87,7.8,2,No,154.8,3.1,9.2,Healthy,Low,No
1411,42,Male,Loud,91,3.7,20,No,185.0,37.0,56.4,Damaged,Low,No
1412,18,Female,Loud,90,3.2,2,No,127.0,2.5,7.7,Healthy,Low,No
1413,20,Male,Moderate,80,1.0,4,No,3.9,0.2,-0.3,Healthy,Low,No
1414,33,Male,Loud,98,4.3,17,No,1083.5,184.2,51.5,Damaged,High,No
1415,26,Female,Quiet,60,2.8,10,No,0.1,0.0,13.0,Healthy,Moderate,Yes
1416,52,Male,Moderate,82,4.3,29,No,26.9,7.8,24.1,Healthy,Low,Yes
1417,37,Male,Moderate,77,2.1,21,No,4.1,0.9,9.2,Healthy,Moderate,No
1418,40,Female,Moderate,81,5.1,1,No,25.3,0.3,23.4,Healthy,Moderate,Yes
1419,42,Female,Moderate,80,6.0,17,No,23.6,4.0,23.7,Healthy,High,No
1420,69,Female,Quiet,72,4.2,8,No,2.6,0.2,12.0,Healthy,High,No
1421,48,Male,Loud,89,1.4,21,Yes,1.4,0.3,13.3,Healthy,Low,Yes
1422,57,Male,Loud,97,4.0,9,No,800.0,72.0,72.3,Damaged,High,Yes
1423,51,Female,Quiet,62,4.4,27,No,0.3,0.1,10.7,Healthy,Low,No
1424,61,Male,Moderate,80,4.2,25,No,16.5,4.1,31.7,Damaged,Low,No
1425,44,Male,Loud,96,5.4,25,No,857.2,214.3,46.5,Damaged,Low,No
1426,42,Male,Loud,90,6.2,9,No,246.0,22.1,43.6,Damaged,Low,No
1427,62,Male,Moderate,79,4.2,11,No,13.1,1.4,15.2,Healthy,High,No
1428,46,Male,Very Loud,113,5.1,24,No,41123.8,9869.7,70.9,Damaged,Moderate,Yes
1429,19,Female,Moderate,84,4.4,3,No,43.7,1.3,16.1,Healthy,Moderate,No
1430,24,Female,Quiet,71,9.8,5,No,4.8,0.2,4.9,Healthy,Low,No
1431,37,Female,Quiet,64,4.2,5,No,0.4,0.0,9.6,Healthy,Moderate,Yes
1432,51,Female,Quiet,62,2.8,34,No,0.2,0.1,8.9,Healthy,Moderate,No
1433,32,Female,Moderate,79,10.3,9,No,32.2,2.9,18.7,Healthy,Moderate,No
1434,66,Male,Moderate,84,2.4,34,No,23.8,8.1,35.1,Damaged,High,Yes
1435,49,Female,Loud,91,5.7,7,Yes,8.9,0.6,14.8,Healthy,Low,No
1436,39,Male,Quiet,68,4.3,15,No,1.1,0.2,7.9,Healthy,Low,No
1437,25,Male,Quiet,62,6.4,9,No,0.4,0.0,9.0,Healthy,High,No
1438,54,Female,Loud,89,6.4,8,No,201.6,16.1,39.9,Damaged,Moderate,No
1439,52,Male,Quiet,65,2.0,5,No,0.2,0.0,19.2,Healthy,Low,Yes
1440,26,Female,Loud,98,1.4,10,No,352.8,35.3,70.0,Damaged,High,Yes
1441,63,Female,Moderate,77,7.7,20,No,15.2,3.0,33.3,Damaged,Moderate,No
1442,61,Female,Quiet,72,0.5,21,No,0.3,0.1,18.9,Healthy,Moderate,Yes
1443,65,Female,Quiet,71,9.1,13,No,4.5,0.6,21.9,Healthy,Moderate,Yes
1444,43,Male,Quiet,64,6.7,8,No,0.7,0.1,8.5,Healthy,High,No
1445,57,Male,Loud,99,1.6,24,Yes,15.9,3.8,7.2,Healthy,Moderate,No
1446,18,Female,Loud,90,5.6,2,Yes,6.9,0.1,11.0,Healthy,Low,No
1447,49,Female,Moderate,79,2.6,33,No,8.1,2.7,16.3,Healthy,Moderate,No
1448,37,Male,Very Loud,108,5.0,7,No,12699.2,888.9,65.6,Damaged,Low,Yes
1449,41,Female,Moderate,84,1.5,24,No,14.9,3.6,23.1,Healthy,Moderate,Yes
1450,50,Male,Quiet,72,5.7,29,No,3.5,1.0,32.5,Damaged,High,Yes
1451,32,Male,Moderate,80,4.6,10,No,18.1,1.8,12.4,Healthy,Low,No
1452,40,Female,Loud,89,1.8,21,No,56.7,11.9,32.7,Damaged,Low,No
1453,28,Male,Quiet,61,1.8,5,No,0.1,0.0,7.6,Healthy,High,No
1454,31,Male,Very Loud,114,1.2,2,No,12191.2,243.8,61.0,Damaged,Moderate,No
1455,26,Male,Very Loud,110,2.2,10,No,8869.8,887.0,69.4,Damaged,High,Yes
1456,48,Male,Very Loud,107,2.3,7,Yes,144.9,10.1,38.7,Damaged,Moderate,No
1457,61,Male,Loud,97,3.3,1,No,660.0,6.6,33.1,Damaged,Low,Yes
1458,28,Male,Moderate,82,1.4,9,No,8.8,0.8,6.8,Healthy,Moderate,No
1459,19,Male,Loud,96,1.9,3,No,301.6,9.0,27.5,Damaged,Low,No
1460,39,Female,Loud,89,1.2,12,Yes,1.2,0.1,-5.0,Healthy,Low,No
1461,48,Male,Quiet,73,3.2,6,No,2.5,0.2,9.0,Healthy,Low,Yes
1462,46,Male,Loud,95,3.4,30,No,428.4,128.5,55.7,Damaged,Low,No
1463,25,Female,Quiet,60,10.8,9,No,0.4,0.0,2.7,Healthy,Moderate,Yes
1464,42,Male,Quiet,63,1.7,4,No,0.1,0.0,3.5,Healthy,Low,No
1465,30,Female,Quiet,71,4.3,8,No,2.1,0.2,20.9,Healthy,High,Yes
1466,36,Male,Moderate,82,1.5,19,No,9.4,1.8,10.5,Healthy,Low,Yes
1467,40,Female,Quiet,74,4.9,15,No,4.8,0.7,9.5,Healthy,High,No
1468,36,Male,Quiet,70,3.0,20,No,1.2,0.2,19.3,Healthy,Low,Yes
1469,49,Female,Moderate,82,3.8,18,No,23.8,4.3,18.6,Healthy,Moderate,No
1470,34,Female,Quiet,66,4.2,1,No,0.7,0.0,15.9,Healthy,High,Yes
1471,65,Male,Moderate,82,1.8,21,No,11.2,2.4,18.8,Healthy,Low,No
1472,44,Female,Quiet,66,3.6,28,No,0.6,0.2,-0.3,Healthy,Low,No
1473,25,Female,Quiet,66,2.1,9,No,0.3,0.0,17.1,Healthy,Moderate,Yes
1474,57,Male,Moderate,82,2.9,3,No,18.1,0.5,11.0,Healthy,Low,No
1475,55,Female,Loud,98,1.9,34,No,478.8,162.8,58.2,Damaged,High,No
1476,46,Female,Moderate,78,2.1,27,No,5.2,1.4,9.2,Healthy,Low,No
1477,42,Male,Loud,89,2.9,2,No,91.3,1.8,10.8,Healthy,Low,No
1478,47,Female,Loud,89,3.0,29,Yes,3.0,0.9,9.5,Healthy,Moderate,No
1479,55,Male,Loud,92,7.0,17,No,441.0,75.0,57.1,Damaged,Moderate,No
1480,40,Female,Quiet,65,2.8,7,No,0.3,0.0,12.9,Healthy,Moderate,Yes
1481,54,Male,Loud,98,2.1,26,No,529.2,137.6,72.9,Damaged,Moderate,No
1482,34,Male,Quiet,61,4.9,18,No,0.2,0.0,5.0,Healthy,Low,No
1483,49,Female,Very Loud,112,2.5,21,No,16000.0,3360.0,53.5,Damaged,Low,No
1484,27,Male,Loud,96,5.2,11,No,825.4,90.8,53.1,Damaged,High,No
1485,47,Male,Quiet,72,5.2,9,No,3.2,0.3,21.0,Healthy,Low,No
1486,51,Female,Quiet,70,1.6,32,No,0.6,0.2,10.9,Healthy,Low,No
1487,34,Female,Quiet,60,1.2,12,No,0.0,0.0,12.4,Healthy,Low,Yes
1488,48,Male,Moderate,78,7.9,32,No,19.6,6.3,25.8,Damaged,Moderate,No
1489,18,Male,Moderate,79,7.2,2,No,22.5,0.4,10.7,Healthy,Low,No
1490,41,Male,Very Loud,107,2.3,9,No,4636.5,417.3,63.8,Damaged,Moderate,No
1491,38,Male,Moderate,80,1.0,22,No,3.9,0.9,4.9,Healthy,Moderate,No
1492,51,Male,Very Loud,111,2.8,19,Yes,444.5,84.5,52.4,Damaged,Moderate,Yes
1493,42,Male,Quiet,72,0.7,21,No,0.4,0.1,7.4,Healthy,High,No
1494,57,Female,Loud,95,7.8,7,Yes,30.7,2.1,20.0,Healthy,Low,No
1495,70,Female,Loud,93,3.0,8,No,238.1,19.0,64.0,Damaged,Moderate,Yes
1496,44,Male,Moderate,76,7.5,7,No,11.7,0.8,0.4,Healthy,Low,No
1497,55,Female,Moderate,76,1.2,20,No,1.9,0.4,21.6,Healthy,Low,No
1498,67,Male,Very Loud,103,2.0,9,No,1600.0,144.0,77.7,Damaged,High,Yes
1499,56,Female,Very Loud,101,2.9,23,Yes,45.7,10.5,52.4,Damaged,High,Yes
1500,59,Female,Moderate,77,6.7,1,No,13.2,0.1,-1.1,Healthy,Low,No
1501,39,Female,Loud,89,4.3,16,No,135.4,21.7,39.3,Damaged,High,No
1502,48,Male,Very Loud,112,4.2,28,No,26880.0,7526.4,60.6,Damaged,Moderate,Yes
1503,28,Female,Moderate,84,3.7,10,No,36.7,3.7,14.0,Healthy,Moderate,No
1504,55,Male,Loud,95,4.3,14,No,541.8,75.9,65.5,Damaged,High,No
1505,49,Female,Quiet,72,2.2,3,No,1.4,0.0,6.2,Healthy,Low,Yes
1506,49,Female,Moderate,81,6.8,23,No,33.7,7.8,31.1,Damaged,Moderate,No
1507,18,Female,Loud,99,3.7,1,No,1174.7,11.7,34.6,Damaged,Moderate,No
1508,58,Male,Quiet,64,2.7,28,No,0.3,0.1,11.4,Healthy,High,Yes
1509,65,Male,Loud,91,6.9,34,No,345.0,117.3,65.7,Damaged,High,No
1510,64,Female,Quiet,66,4.4,6,No,0.7,0.0,14.6,Healthy,High,No
1511,50,Male,Moderate,79,3.7,31,No,11.6,3.6,18.3,Healthy,Low,No
1512,63,Female,Loud,88,3.0,20,Yes,2.3,0.5,16.5,Healthy,Low,No
1513,44,Female,Quiet,74,0.7,16,No,0.7,0.1,3.0,Healthy,Low,No
1514,34,Female,Quiet,73,6.2,18,No,4.8,0.9,10.5,Healthy,Moderate,No
1515,43,Female,Moderate,77,2.8,2,No,5.5,0.1,4.0,Healthy,Moderate,No
1516,33,Male,Moderate,78,5.6,13,No,13.9,1.8,12.4,Healthy,Moderate,No
1517,69,Female,Loud,90,3.1,33,No,123.0,40.6,58.6,Damaged,Moderate,Yes
1518,18,Male,Quiet,70,4.2,2,No,1.6,0.0,11.7,Healthy,Moderate,No
1519,47,Male,Loud,89,1.8,5,Yes,1.8,0.1,12.2,Healthy,Low,No
1520,31,Male,Very Loud,108,5.9,15,No,14985.1,2247.8,54.8,Damaged,Moderate,No
1521,35,Male,Moderate,82,1.2,19,No,7.5,1.4,11.6,Healthy,Moderate,No
1522,54,Male,Moderate,79,1.7,20,No,5.3,1.1,14.7,Healthy,Low,Yes
1523,42,Male,Quiet,63,0.5,19,No,0.0,0.0,9.5,Healthy,High,No
1524,59,Male,Loud,91,1.7,19,Yes,2.7,0.5,18.3,Healthy,Moderate,No
1525,41,Male,Loud,96,2.4,25,Yes,11.9,3.0,17.4,Healthy,Low,No
1526,41,Female,Moderate,79,7.9,21,No,24.7,5.2,17.7,Healthy,Low,No
1527,44,Male,Quiet,62,1.2,20,No,0.1,0.0,20.1,Healthy,Moderate,Yes
1528,61,Male,Moderate,84,6.2,33,No,61.5,20.3,51.2,Damaged,Low,No
1529,33,Female,Moderate,77,2.5,17,No,4.9,0.8,16.1,Healthy,Low,No
1530,38,Male,Quiet,61,3.2,15,No,0.2,0.0,10.1,Healthy,Low,No
1531,35,Female,Very Loud,109,4.7,18,No,15040.0,2707.2,45.7,Damaged,Low,No
1532,36,Male,Moderate,77,2.4,2,No,4.7,0.1,2.8,Healthy,Low,No
1533,24,Female,Moderate,79,6.8,8,No,21.2,1.7,16.8,Healthy,Low,No
1534,38,Male,Loud,97,3.7,6,No,740.0,44.4,53.4,Damaged,High,No
1535,49,Female,Moderate,77,2.9,3,No,5.7,0.2,15.8,Healthy,Low,No
1536,63,Male,Moderate,78,1.5,35,No,3.7,1.3,14.4,Healthy,Low,No
1537,49,Male,Quiet,73,4.7,33,No,3.7,1.2,18.2,Healthy,Moderate,No
1538,34,Female,Quiet,66,5.1,17,No,0.8,0.1,7.4,Healthy,Moderate,No
1539,63,Female,Quiet,72,2.7,23,No,1.7,0.4,11.4,Healthy,Moderate,Yes
1540,18,Female,Moderate,78,3.2,2,No,7.9,0.2,2.4,Healthy,High,Yes
1541,49,Male,Quiet,72,5.0,21,No,3.1,0.7,9.8,Healthy,Moderate,No
1542,25,Male,Loud,93,2.6,9,No,206.4,18.6,42.5,Damaged,Moderate,No
1543,40,Male,Loud,90,8.2,24,Yes,10.2,2.4,6.4,Healthy,Moderate,No
1544,23,Male,Loud,94,2.3,7,No,230.0,16.1,31.4,Damaged,Moderate,No
1545,20,Female,Quiet,65,2.2,4,No,0.3,0.0,-2.3,Healthy,Low,No
1546,34,Male,Loud,94,7.0,8,Yes,21.9,1.8,15.8,Healthy,Moderate,No
1547,68,Male,Moderate,78,2.9,15,No,7.2,1.1,14.1,Healthy,Moderate,No
1548,47,Male,Moderate,83,2.8,20,No,22.0,4.4,33.3,Damaged,High,No
1549,55,Female,Quiet,63,0.8,23,No,0.1,0.0,27.0,Damaged,High,No
1550,37,Male,Loud,93,2.5,1,Yes,6.2,0.1,11.1,Healthy,Moderate,No
1551,43,Female,Quiet,68,7.0,11,No,1.7,0.2,2.3,Healthy,Low,No
1552,31,Male,Loud,86,3.3,15,Yes,1.6,0.2,11.4,Healthy,Low,Yes
1553,34,Male,Quiet,66,2.7,18,No,0.4,0.1,12.4,Healthy,Low,No
1554,37,Female,Quiet,63,2.3,21,No,0.2,0.0,13.7,Healthy,Moderate,No
1555,56,Female,Quiet,73,6.8,26,No,5.3,1.4,17.6,Healthy,High,No
1556,47,Female,Quiet,60,1.4,24,No,0.1,0.0,16.7,Healthy,Low,Yes
1557,32,Male,Very Loud,114,5.8,10,No,58924.3,5892.4,63.3,Damaged,Moderate,No
1558,40,Male,Quiet,60,4.0,24,No,0.2,0.0,10.6,Healthy,Moderate,No
1559,30,Male,Quiet,63,2.2,14,No,0.2,0.0,2.9,Healthy,Low,No
1560,50,Male,Loud,87,1.7,13,No,33.7,4.4,17.5,Healthy,High,No
1561,46,Male,Quiet,70,3.8,2,No,1.5,0.0,15.8,Healthy,Low,No
1562,46,Female,Moderate,78,4.5,30,No,11.2,3.4,22.4,Healthy,Low,No
1563,53,Female,Moderate,78,3.2,26,No,7.9,2.1,14.7,Healthy,High,Yes
1564,51,Female,Loud,90,3.3,30,No,131.0,39.3,64.4,Damaged,Moderate,Yes
1565,64,Male,Very Loud,108,5.1,6,Yes,404.8,24.3,57.4,Damaged,Moderate,No
1566,32,Female,Moderate,76,1.8,16,No,2.8,0.4,-1.4,Healthy,Moderate,Yes
1567,53,Male,Moderate,80,6.8,21,No,26.8,5.6,19.7,Healthy,Moderate,No
1568,40,Female,Quiet,64,1.8,11,No,0.2,0.0,15.9,Healthy,High,No
1569,56,Female,Loud,96,3.5,33,Yes,17.4,5.7,32.0,Damaged,Moderate,No
1570,35,Male,Quiet,66,8.2,11,No,1.3,0.1,6.1,Healthy,Moderate,No
1571,19,Female,Loud,96,3.4,3,No,539.7,16.2,31.9,Damaged,Low,No
1572,37,Male,Moderate,81,1.2,12,No,6.0,0.7,2.1,Healthy,Moderate,No
1573,34,Female,Very Loud,104,1.8,18,No,1814.3,326.6,59.6,Damaged,Moderate,No
1574,27,Male,Quiet,69,4.1,11,No,1.3,0.1,3.0,Healthy,Low,No
1575,37,Female,Loud,86,9.6,11,Yes,4.7,0.5,8.3,Healthy,Low,No
1576,59,Female,Moderate,76,4.4,14,No,6.9,1.0,12.2,Healthy,Low,No
1577,38,Male,Moderate,79,4.3,22,No,13.4,2.9,21.2,Healthy,Low,No
1578,53,Male,Quiet,64,3.1,28,No,0.3,0.1,14.2,Healthy,Moderate,No
1579,63,Male,Moderate,81,4.5,20,No,22.3,4.5,21.9,Healthy,Moderate,No
1580,58,Male,Very Loud,102,3.0,4,Yes,59.5,2.4,20.8,Healthy,Moderate,No
1581,50,Female,Very Loud,112,4.5,1,No,28800.0,288.0,49.0,Damaged,Low,No
1582,56,Male,Moderate,78,1.7,10,No,4.2,0.4,17.9,Healthy,Moderate,No
1583,37,Female,Loud,99,1.8,21,Yes,17.9,3.8,15.7,Healthy,High,No
1584,24,Male,Quiet,72,2.0,8,No,1.2,0.1,1.3,Healthy,Moderate,No
1585,21,Female,Moderate,84,3.1,5,No,30.8,1.5,17.7,Healthy,Low,Yes
1586,56,Female,Quiet,64,0.9,16,No,0.1,0.0,18.5,Healthy,High,No
1587,63,Male,Moderate,76,3.6,2,No,5.6,0.1,18.9,Healthy,Low,No
1588,38,Female,Quiet,67,5.4,22,No,1.1,0.2,5.4,Healthy,Low,Yes
1589,43,Male,Quiet,68,4.2,27,No,1.0,0.3,-2.7,Healthy,Low,No
1590,18,Female,Quiet,62,4.1,2,No,0.3,0.0,10.3,Healthy,Moderate,No
1591,53,Male,Moderate,81,3.5,24,No,17.4,4.2,29.1,Damaged,High,No
1592,41,Male,Moderate,83,5.3,1,No,41.7,0.4,16.3,Healthy,Low,No
1593,18,Female,Quiet,70,3.3,2,No,1.3,0.0,1.3,Healthy,Moderate,No
1594,50,Male,Loud,92,5.6,29,No,352.8,102.3,59.1,Damaged,Low,No
1595,51,Female,Very Loud,104,1.5,26,No,1511.9,393.1,70.7,Damaged,High,Yes
1596,55,Male,Very Loud,109,11.8,11,No,37760.0,4153.6,54.9,Damaged,Moderate,No
1597,41,Female,Loud,93,8.8,25,Yes,21.8,5.4,17.3,Healthy,Moderate,No
1598,46,Male,Very Loud,111,6.9,5,Yes,1095.3,54.8,69.3,Damaged,Low,No
1599,30,Female,Loud,90,6.7,14,Yes,8.3,1.2,9.5,Healthy,Low,No
1600,63,Male,Moderate,81,3.6,31,No,17.9,5.5,35.5,Damaged,High,No
1601,38,Male,Very Loud,114,4.4,13,No,44701.2,5811.2,61.0,Damaged,High,No
1602,61,Male,Very Loud,110,1.7,33,No,6854.0,2261.8,53.8,Damaged,Low,No
1603,51,Male,Very Loud,109,6.2,8,Yes,620.0,49.6,67.0,Damaged,Moderate,No
1604,40,Female,Moderate,76,3.8,24,No,5.9,1.4,21.0,Healthy,Moderate,No
1605,62,Male,Loud,94,6.9,26,No,690.0,179.4,53.6,Damaged,Low,No
1606,33,Female,Moderate,77,2.2,17,No,4.3,0.7,11.2,Healthy,Moderate,No
1607,48,Male,Quiet,74,4.3,24,No,4.2,1.0,13.2,Healthy,Moderate,No
1608,45,Male,Moderate,84,4.2,17,No,41.7,7.1,31.9,Damaged,Low,Yes
1609,41,Male,Moderate,84,3.3,22,No,32.7,7.2,33.9,Damaged,Moderate,No
1610,46,Female,Quiet,69,2.1,26,No,0.7,0.2,10.8,Healthy,High,Yes
1611,54,Female,Quiet,64,1.4,27,No,0.1,0.0,12.0,Healthy,Low,No
1612,38,Female,Quiet,73,2.4,17,No,1.9,0.3,16.5,Healthy,Moderate,Yes
1613,36,Male,Moderate,83,6.1,20,No,48.0,9.6,44.1,Damaged,Moderate,No
1614,40,Male,Moderate,79,0.6,24,No,1.9,0.5,24.3,Healthy,High,No
1615,35,Male,Moderate,81,3.6,19,No,17.9,3.4,15.4,Healthy,Moderate,No
1616,29,Female,Moderate,83,3.9,13,No,30.7,4.0,11.9,Healthy,Moderate,No
1617,47,Male,Very Loud,114,1.3,18,No,13207.2,2377.3,60.2,Damaged,Low,Yes
1618,18,Female,Quiet,74,3.7,2,No,3.6,0.1,3.3,Healthy,Moderate,No
1619,41,Male,Loud,90,2.0,17,No,79.4,13.5,46.9,Damaged,High,No
1620,36,Female,Moderate,79,1.9,12,No,5.9,0.7,15.5,Healthy,Moderate,Yes
1621,45,Female,Quiet,67,0.9,27,No,0.2,0.1,19.1,Healthy,Moderate,No
1622,49,Female,Loud,97,2.8,22,No,560.0,123.2,58.9,Damaged,Moderate,No
1623,46,Male,Quiet,72,4.0,30,No,2.5,0.8,2.6,Healthy,Low,No
1624,42,Female,Quiet,72,4.6,7,No,2.9,0.2,13.1,Healthy,Moderate,No
1625,61,Female,Loud,89,5.7,32,No,179.5,57.4,58.0,Damaged,Low,No
1626,35,Male,Loud,96,2.0,3,Yes,9.9,0.3,8.2,Healthy,Low,No
1627,25,Female,Very Loud,114,0.8,1,No,8127.5,81.3,53.4,Damaged,Low,No
1628,39,Female,Moderate,78,7.6,18,No,18.9,3.4,14.0,Healthy,High,No
1629,52,Male,Quiet,64,3.6,9,No,0.4,0.0,10.4,Healthy,High,No
1630,68,Male,Moderate,81,2.6,2,No,12.9,0.3,8.4,Healthy,Moderate,No
1631,73,Male,Quiet,66,1.2,33,No,0.2,0.1,13.5,Healthy,Moderate,No
1632,48,Male,Loud,98,2.1,24,Yes,16.5,4.0,23.5,Healthy,High,No
1633,59,Male,Quiet,74,3.9,2,No,3.8,0.1,8.5,Healthy,Low,Yes
1634,66,Male,Moderate,83,2.7,21,No,21.3,4.5,41.3,Damaged,High,No
1635,36,Female,Loud,91,3.1,20,Yes,4.8,1.0,15.9,Healthy,High,No
1636,65,Male,Very Loud,110,2.9,22,No,11692.1,2572.3,63.5,Damaged,Moderate,No
1637,49,Female,Moderate,82,7.8,31,No,48.8,15.1,36.5,Damaged,Low,No
1638,41,Male,Moderate,76,3.4,25,No,5.3,1.3,13.3,Healthy,High,No
1639,51,Female,Loud,97,1.1,2,No,220.0,4.4,14.6,Healthy,High,No
1640,53,Male,Loud,86,2.4,4,No,37.8,1.5,11.3,Healthy,Moderate,Yes
1641,18,Male,Quiet,65,2.5,2,No,0.3,0.0,5.6,Healthy,High,No
1642,44,Male,Very Loud,110,5.2,25,No,20965.1,5241.3,51.8,Damaged,Low,No
1643,46,Female,Loud,89,1.8,29,Yes,1.8,0.5,14.2,Healthy,Moderate,Yes
1644,33,Male,Moderate,79,8.3,6,No,25.9,1.6,2.9,Healthy,Low,No
1645,45,Male,Very Loud,105,4.8,6,No,6095.6,365.7,66.8,Damaged,Moderate,No
1646,37,Male,Loud,99,2.8,14,No,888.9,124.4,52.4,Damaged,Moderate,No
1647,31,Male,Quiet,62,5.5,15,No,0.3,0.0,6.7,Healthy,High,Yes
1648,41,Male,Moderate,84,5.2,6,No,51.6,3.1,17.5,Healthy,Moderate,No
1649,18,Female,Quiet,71,3.7,2,No,1.8,0.0,1.3,Healthy,High,No
1650,49,Male,Loud,92,3.3,23,No,207.9,47.8,76.0,Damaged,Moderate,No
1651,50,Female,Quiet,63,3.8,3,No,0.3,0.0,8.9,Healthy,Moderate,No
1652,47,Male,Loud,88,1.9,11,No,47.5,5.2,22.7,Healthy,Low,Yes
1653,50,Female,Quiet,68,2.4,24,No,0.6,0.1,17.7,Healthy,Low,No
1654,36,Female,Quiet,67,12.0,9,No,2.3,0.2,2.8,Healthy,Low,No
1655,34,Male,Quiet,68,8.7,18,No,2.1,0.4,12.4,Healthy,Moderate,No
1656,18,Male,Loud,91,3.2,2,No,160.0,3.2,9.8,Healthy,Low,No
1657,18,Female,Quiet,73,6.8,2,No,5.3,0.1,5.2,Healthy,High,No
1658,31,Female,Quiet,64,4.0,10,No,0.4,0.0,11.2,Healthy,Moderate,No
1659,56,Male,Very Loud,104,4.0,29,No,4031.7,1169.2,51.6,Damaged,Low,No
1660,42,Female,Quiet,70,2.7,10,No,1.1,0.1,11.5,Healthy,High,Yes
1661,62,Male,Loud,94,12.0,35,Yes,37.5,13.1,34.6,Damaged,Moderate,No
1662,53,Female,Quiet,63,5.1,32,No,0.4,0.1,25.6,Damaged,Moderate,Yes
1663,27,Female,Quiet,61,2.1,11,No,0.1,0.0,-1.5,Healthy,Moderate,No
1664,33,Male,Quiet,64,2.9,17,No,0.3,0.1,10.2,Healthy,Low,No
1665,26,Male,Quiet,72,4.2,10,No,2.6,0.3,8.5,Healthy,Low,Yes
1666,21,Female,Loud,88,1.9,5,Yes,1.5,0.1,9.8,Healthy,Low,No
1667,46,Male,Very Loud,101,4.3,28,Yes,67.7,19.0,54.0,Damaged,Moderate,Yes
1668,52,Male,Moderate,76,3.1,21,No,4.8,1.0,13.5,Healthy,Moderate,No
1669,29,Male,Loud,98,2.8,13,No,705.6,91.7,47.0,Damaged,Low,No
1670,58,Female,Loud,90,1.9,20,Yes,2.4,0.5,15.9,Healthy,Low,No
1671,55,Male,Loud,91,1.4,3,No,70.0,2.1,24.4,Healthy,High,No
1672,34,Female,Quiet,64,3.4,18,No,0.3,0.1,6.5,Healthy,Moderate,No
1673,47,Male,Moderate,81,5.8,27,No,28.8,7.8,22.1,Healthy,Moderate,No
1674,28,Female,Quiet,64,5.8,12,No,0.6,0.1,11.9,Healthy,Moderate,No
1675,43,Male,Moderate,76,5.0,8,No,7.8,0.6,19.3,Healthy,Low,No
1676,50,Male,Loud,87,8.3,4,No,164.7,6.6,35.7,Damaged,Moderate,No
1677,18,Male,Loud,91,5.8,2,No,290.0,5.8,14.6,Healthy,Moderate,No
1678,64,Female,Quiet,68,8.3,2,No,2.0,0.0,26.7,Damaged,Moderate,Yes
1679,18,Female,Loud,94,2.3,2,No,230.0,4.6,18.0,Healthy,High,No
1680,44,Male,Moderate,81,3.3,26,No,16.4,4.3,23.9,Healthy,Moderate,No
1681,35,Female,Moderate,79,4.1,19,No,12.8,2.4,2.7,Healthy,Low,No
1682,55,Male,Loud,88,3.6,20,Yes,2.8,0.6,15.1,Healthy,Low,Yes
1683,30,Female,Loud,95,4.8,4,No,604.8,24.2,56.0,Damaged,High,No
1684,35,Male,Moderate,83,2.5,19,No,19.7,3.7,14.2,Healthy,Low,No
1685,88,Female,Loud,96,3.5,33,No,555.6,183.3,79.0,Damaged,High,No
1686,68,Female,Moderate,80,1.9,22,No,7.5,1.6,19.1,Healthy,Low,No
1687,55,Male,Moderate,80,6.6,15,No,26.0,3.9,29.4,Damaged,High,No
1688,32,Female,Quiet,61,4.7,16,No,0.2,0.0,10.1,Healthy,Low,Yes
1689,48,Female,Moderate,78,8.2,17,No,20.3,3.5,22.3,Healthy,Low,No
1690,18,Male,Quiet,64,2.5,2,No,0.2,0.0,16.2,Healthy,Low,No
1691,31,Male,Loud,92,0.5,15,No,31.5,4.7,23.8,Healthy,Moderate,No
1692,49,Male,Moderate,83,6.1,25,No,48.0,12.0,22.5,Healthy,Moderate,No
1693,54,Female,Very Loud,108,9.1,28,Yes,722.3,202.2,60.8,Damaged,High,No
1694,38,Male,Moderate,80,2.5,2,No,9.8,0.2,16.3,Healthy,Low,No
1695,53,Female,Moderate,78,3.9,6,No,9.7,0.6,12.9,Healthy,Moderate,No
1696,55,Male,Moderate,76,5.9,7,No,9.2,0.6,8.9,Healthy,Moderate,Yes
1697,28,Female,Loud,98,4.5,12,Yes,35.4,4.2,13.2,Healthy,Moderate,No
1698,46,Male,Loud,86,2.3,16,No,36.2,5.8,27.8,Damaged,Moderate,No
1699,42,Female,Loud,97,5.7,9,Yes,35.6,3.2,6.8,Healthy,Low,No
1700,64,Male,Moderate,81,6.7,5,No,33.2,1.7,31.2,Damaged,High,No
1701,24,Male,Loud,93,1.5,6,Yes,3.7,0.2,15.7,Healthy,Low,Yes
1702,49,Female,Quiet,62,4.3,29,No,0.3,0.1,11.8,Healthy,Low,No
1703,40,Female,Loud,89,7.7,24,Yes,7.6,1.8,12.0,Healthy,High,No
1704,72,Male,Loud,89,1.8,5,No,56.7,2.8,36.3,Damaged,High,Yes
1705,18,Female,Very Loud,103,0.9,2,No,720.0,14.4,32.2,Damaged,Moderate,Yes
1706,68,Female,Loud,95,3.2,27,No,403.2,108.9,71.7,Damaged,Moderate,No
1707,40,Male,Moderate,81,7.2,19,No,35.7,6.8,25.4,Damaged,Moderate,No
1708,50,Male,Loud,90,2.1,13,No,83.3,10.8,32.5,Damaged,Moderate,No
1709,20,Male,Moderate,84,4.8,4,No,47.6,1.9,12.1,Healthy,Moderate,No
1710,23,Male,Quiet,62,8.1,7,No,0.5,0.0,14.1,Healthy,Moderate,No
1711,39,Female,Loud,89,6.7,20,Yes,6.6,1.3,21.0,Healthy,High,No
1712,43,Female,Loud,99,4.3,25,No,1365.2,341.3,58.3,Damaged,Low,No
1713,18,Female,Loud,89,1.8,2,No,56.7,1.1,9.0,Healthy,Low,No
1714,32,Female,Loud,93,9.0,16,No,714.3,114.3,59.3,Damaged,Low,No
1715,35,Male,Loud,92,5.7,1,No,359.1,3.6,24.4,Healthy,High,Yes
1716,40,Female,Quiet,70,3.8,5,No,1.5,0.1,11.3,Healthy,Low,No
1717,52,Female,Very Loud,109,1.4,30,Yes,140.0,42.0,54.6,Damaged,High,No
1718,47,Female,Loud,94,6.5,13,No,650.0,84.5,55.3,Damaged,Low,No
1719,38,Male,Quiet,70,1.2,5,No,0.5,0.0,6.9,Healthy,High,No
1720,24,Male,Loud,88,4.5,5,No,112.5,5.6,23.3,Healthy,Low,No
1721,18,Female,Quiet,63,1.2,2,No,0.1,0.0,5.3,Healthy,High,No
1722,43,Female,Moderate,77,5.7,27,No,11.2,3.0,16.1,Healthy,High,No
1723,64,Female,Loud,96,12.0,16,Yes,59.5,9.5,40.1,Damaged,Moderate,No
1724,42,Male,Quiet,61,2.9,23,No,0.1,0.0,4.2,Healthy,Low,No
1725,56,Male,Quiet,71,5.5,2,No,2.7,0.1,17.9,Healthy,Moderate,No
1726,25,Female,Quiet,73,5.8,2,No,4.5,0.1,9.5,Healthy,Moderate,No
1727,56,Female,Loud,90,2.1,2,No,83.3,1.7,18.2,Healthy,Moderate,No
1728,39,Male,Loud,96,5.4,17,Yes,26.8,4.6,21.3,Healthy,Low,No
1729,44,Male,Loud,88,9.9,28,No,247.5,69.3,54.4,Damaged,Moderate,No
1730,52,Male,Moderate,84,4.4,22,No,43.7,9.6,26.1,Damaged,High,No
1731,53,Male,Loud,91,1.0,11,No,50.0,5.5,26.1,Damaged,Low,No
1732,46,Male,Moderate,84,0.9,17,No,8.9,1.5,13.2,Healthy,Moderate,No
1733,48,Female,Quiet,73,8.2,19,No,6.4,1.2,21.9,Healthy,Moderate,No
1734,47,Male,Loud,93,11.1,18,Yes,27.5,5.0,27.5,Damaged,Moderate,No
1735,32,Female,Quiet,63,4.8,16,No,0.4,0.1,-0.6,Healthy,Low,No
1736,38,Female,Quiet,65,9.6,16,No,1.2,0.2,10.9,Healthy,Moderate,No
1737,42,Male,Very Loud,101,1.5,20,No,756.0,151.2,64.6,Damaged,Moderate,Yes
1738,66,Female,Moderate,82,3.4,26,No,21.2,5.5,23.5,Healthy,Low,Yes
1739,25,Female,Very Loud,101,2.7,9,No,1360.7,122.5,60.9,Damaged,Low,No
1740,44,Male,Moderate,79,6.3,20,No,19.7,3.9,18.6,Healthy,Low,No
1741,57,Female,Loud,90,1.9,13,No,75.4,9.8,42.4,Damaged,High,No
1742,52,Male,Moderate,78,7.4,32,No,18.4,5.9,35.2,Damaged,Moderate,Yes
1743,29,Male,Very Loud,104,9.1,13,Yes,286.6,37.3,58.8,Damaged,Low,No
1744,24,Female,Quiet,69,1.8,8,No,0.6,0.0,11.9,Healthy,Moderate,No
1745,34,Female,Very Loud,106,3.4,18,Yes,170.0,30.6,58.9,Damaged,Moderate,No
1746,47,Male,Moderate,81,1.1,26,No,5.5,1.4,16.1,Healthy,Low,No
1747,54,Male,Quiet,74,6.1,13,No,6.0,0.8,17.3,Healthy,Moderate,No
1748,39,Male,Quiet,69,1.1,5,No,0.3,0.0,1.2,Healthy,Low,No
1749,44,Female,Loud,99,2.1,28,No,666.7,186.7,64.6,Damaged,Low,Yes
1750,36,Female,Moderate,79,3.0,2,No,9.4,0.2,0.5,Healthy,High,No
1751,30,Female,Loud,98,2.8,14,No,705.6,98.8,54.6,Damaged,Moderate,No
1752,60,Male,Moderate,77,6.2,19,No,12.2,2.3,20.0,Healthy,High,No
1753,68,Female,Moderate,76,8.0,14,No,12.5,1.8,19.7,Healthy,Low,No
1754,40,Female,Quiet,73,4.2,16,No,3.3,0.5,20.4,Healthy,Moderate,No
1755,30,Male,Loud,92,3.8,14,No,239.4,33.5,57.4,Damaged,High,No
1756,52,Male,Very Loud,108,0.9,13,Yes,71.4,9.3,31.4,Damaged,Low,No
1757,21,Female,Moderate,77,5.8,5,No,11.4,0.6,12.5,Healthy,Moderate,Yes
1758,23,Female,Quiet,73,2.0,4,No,1.6,0.1,15.3,Healthy,Moderate,No
1759,44,Female,Very Loud,109,3.6,16,No,11520.0,1843.2,70.7,Damaged,Moderate,No
1760,69,Female,Quiet,69,2.7,23,No,0.8,0.2,18.0,Healthy,Moderate,No
1761,37,Male,Loud,93,2.4,19,No,190.5,36.2,40.9,Damaged,Low,No
1762,43,Female,Very Loud,112,3.4,1,Yes,680.0,6.8,30.8,Damaged,Low,No
1763,65,Male,Very Loud,103,2.9,3,No,2320.0,69.6,76.4,Damaged,Moderate,Yes
1764,25,Male,Quiet,70,1.3,9,No,0.5,0.0,-0.2,Healthy,Low,No
1765,19,Female,Moderate,79,2.4,3,No,7.5,0.2,4.4,Healthy,Moderate,Yes
1766,74,Male,Quiet,62,6.0,6,No,0.4,0.0,10.4,Healthy,Low,No
1767,57,Male,Very Loud,114,3.8,21,No,38605.6,8107.2,55.2,Damaged,Low,No
1768,36,Male,Loud,89,0.9,7,No,28.3,2.0,16.0,Healthy,High,Yes
1769,50,Female,Very Loud,104,1.5,26,No,1511.9,393.1,59.5,Damaged,Moderate,Yes
1770,56,Male,Quiet,70,3.9,27,No,1.5,0.4,17.5,Healthy,Moderate,No
1771,38,Female,Very Loud,105,2.6,6,No,3301.8,198.1,48.4,Damaged,Moderate,No
1772,80,Male,Quiet,64,0.7,27,No,0.1,0.0,22.2,Healthy,Low,No
1773,18,Male,Loud,95,4.5,2,No,567.0,11.3,36.9,Damaged,Low,No
1774,66,Male,Quiet,64,3.4,14,No,0.3,0.0,19.8,Healthy,Moderate,No
1775,48,Male,Quiet,63,9.7,32,No,0.8,0.3,12.8,Healthy,High,No
1776,45,Male,Quiet,66,3.6,18,No,0.6,0.1,8.2,Healthy,Low,No
1777,46,Male,Loud,86,5.3,8,No,83.5,6.7,21.3,Healthy,Moderate,No
1778,33,Male,Quiet,65,4.6,17,No,0.6,0.1,18.6,Healthy,Low,No
1779,39,Female,Loud,86,4.8,16,Yes,2.4,0.4,10.6,Healthy,Moderate,Yes
1780,35,Female,Moderate,82,3.7,6,No,23.1,1.4,24.3,Healthy,Moderate,No
1781,21,Male,Quiet,73,1.9,5,No,1.5,0.1,11.7,Healthy,Moderate,Yes
1782,51,Female,Loud,95,3.4,28,No,428.4,120.0,58.9,Damaged,High,Yes
1783,23,Female,Quiet,62,3.5,7,No,0.2,0.0,-1.6,Healthy,Low,No
1784,28,Male,Very Loud,102,2.7,12,No,1714.4,205.7,62.9,Damaged,High,Yes
1785,71,Female,Quiet,66,2.1,18,No,0.3,0.1,6.6,Healthy,Low,No
1786,35,Female,Loud,89,1.6,12,No,50.4,6.0,18.6,Healthy,Moderate,No
1787,65,Female,Quiet,61,10.1,35,No,0.5,0.2,7.0,Healthy,Low,No
1788,62,Male,Moderate,76,3.8,6,No,5.9,0.4,22.9,Healthy,Moderate,Yes
1789,45,Female,Quiet,69,5.3,3,No,1.6,0.0,0.8,Healthy,Moderate,No
1790,65,Male,Moderate,83,3.4,18,No,26.8,4.8,30.9,Damaged,Low,No
1791,34,Female,Very Loud,108,10.2,18,No,25906.4,4663.2,61.5,Damaged,High,No
1792,29,Male,Very Loud,102,1.5,6,No,952.4,57.1,49.9,Damaged,Low,No
1793,35,Female,Very Loud,109,5.3,11,No,16960.0,1865.6,59.6,Damaged,Moderate,No
1794,37,Female,Loud,95,3.8,21,No,478.8,100.5,58.3,Damaged,High,No
1795,49,Male,Quiet,62,3.3,33,No,0.2,0.1,20.9,Healthy,Low,Yes
1796,71,Male,Quiet,72,1.5,27,No,0.9,0.2,23.3,Healthy,Low,No
1797,29,Male,Quiet,67,2.3,13,No,0.4,0.1,12.4,Healthy,Low,Yes
1798,38,Female,Quiet,61,2.4,22,No,0.1,0.0,12.8,Healthy,High,No
1799,42,Male,Loud,94,2.0,7,No,200.0,14.0,44.8,Damaged,Moderate,No
1800,46,Male,Quiet,71,1.7,19,No,0.8,0.2,11.4,Healthy,Low,Yes
1801,37,Male,Very Loud,108,8.0,19,No,20318.7,3860.6,58.6,Damaged,Moderate,No
1802,62,Female,Moderate,78,5.0,10,No,12.4,1.2,17.7,Healthy,Low,No
1803,36,Female,Loud,98,9.8,10,No,2469.4,246.9,62.5,Damaged,Low,Yes
1804,28,Female,Moderate,81,7.4,9,No,36.7,3.3,23.7,Healthy,Low,No
1805,67,Male,Quiet,66,4.7,2,No,0.7,0.0,9.1,Healthy,Low,No
1806,63,Female,Loud,89,8.6,26,No,270.9,70.4,65.2,Damaged,Low,No
1807,42,Male,Loud,90,6.3,26,No,250.0,65.0,66.7,Damaged,Moderate,No
1808,29,Male,Quiet,72,4.1,11,No,2.5,0.3,2.6,Healthy,Low,No
1809,44,Female,Quiet,67,4.0,18,No,0.8,0.1,3.6,Healthy,Moderate,No
1810,53,Female,Quiet,64,1.3,27,No,0.1,0.0,-0.9,Healthy,Moderate,No
1811,65,Female,Quiet,66,1.3,34,No,0.2,0.1,20.1,Healthy,Low,No
1812,67,Female,Moderate,79,9.6,30,No,30.0,9.0,33.4,Damaged,High,No
1813,38,Male,Loud,91,5.2,21,No,260.0,54.6,65.8,Damaged,Moderate,Yes
1814,44,Female,Loud,86,2.9,17,Yes,1.4,0.2,4.8,Healthy,Low,No
1815,39,Female,Quiet,66,1.8,23,No,0.3,0.1,12.6,Healthy,Low,Yes
1816,43,Female,Very Loud,107,3.7,27,Yes,233.1,62.9,48.9,Damaged,Moderate,No
1817,36,Male,Very Loud,113,1.1,7,No,8869.8,620.9,59.6,Damaged,Low,No
1818,37,Female,Loud,88,3.6,10,No,90.0,9.0,29.4,Damaged,High,No
1819,40,Male,Moderate,83,1.9,24,No,15.0,3.6,15.3,Healthy,Moderate,No
1820,44,Female,Moderate,81,11.3,8,No,56.1,4.5,16.7,Healthy,Low,No
1821,18,Male,Loud,92,6.4,2,No,403.2,8.1,27.8,Damaged,High,No
1822,36,Male,Moderate,82,3.4,12,No,21.2,2.5,19.6,Healthy,Moderate,Yes
1823,53,Male,Moderate,76,2.3,34,No,3.6,1.2,7.8,Healthy,Low,No
1824,49,Male,Loud,99,2.0,6,No,635.0,38.1,55.8,Damaged,Moderate,No
1825,53,Male,Loud,92,3.1,12,No,195.3,23.4,52.6,Damaged,Low,No
1826,54,Female,Quiet,66,3.6,27,No,0.6,0.2,13.4,Healthy,Low,No
1827,50,Male,Moderate,82,4.4,23,No,27.5,6.3,25.3,Damaged,Low,No
1828,58,Female,Loud,96,2.8,23,No,444.5,102.2,59.1,Damaged,Moderate,No
1829,43,Female,Moderate,83,3.9,1,No,30.7,0.3,5.9,Healthy,Moderate,No
1830,24,Female,Moderate,78,3.6,8,No,8.9,0.7,10.8,Healthy,Moderate,No
1831,61,Female,Moderate,79,2.8,11,No,8.8,1.0,16.8,Healthy,Low,No
1832,48,Female,Moderate,80,8.8,15,No,34.6,5.2,33.1,Damaged,Moderate,Yes
1833,18,Male,Loud,98,3.2,2,Yes,25.2,0.5,12.3,Healthy,Moderate,Yes
1834,55,Female,Moderate,80,4.7,15,No,18.5,2.8,21.1,Healthy,Low,No
1835,54,Male,Quiet,63,6.1,32,No,0.5,0.2,12.9,Healthy,Moderate,No
1836,23,Female,Loud,99,3.6,7,No,1142.9,80.0,60.2,Damaged,High,No
1837,49,Male,Quiet,74,1.4,11,No,1.4,0.2,2.9,Healthy,Low,No
1838,42,Male,Loud,97,2.6,26,No,520.0,135.2,61.2,Damaged,High,No
1839,48,Female,Loud,88,1.8,24,Yes,1.4,0.3,12.0,Healthy,Moderate,No
1840,34,Male,Moderate,82,2.8,10,No,17.5,1.8,15.3,Healthy,Moderate,No
1841,67,Male,Very Loud,107,4.8,31,Yes,302.4,93.7,70.7,Damaged,Moderate,No
1842,28,Female,Quiet,63,1.6,9,No,0.1,0.0,8.4,Healthy,Moderate,Yes
1843,27,Female,Very Loud,109,7.7,11,No,24640.0,2710.4,55.1,Damaged,Low,No
1844,36,Female,Moderate,83,4.7,20,No,37.0,7.4,28.3,Damaged,Low,No
1845,41,Male,Moderate,80,5.1,23,No,20.1,4.6,15.2,Healthy,Moderate,No
1846,34,Male,Very Loud,107,5.8,1,Yes,365.4,3.7,26.2,Damaged,Moderate,No
1847,64,Female,Moderate,79,2.3,35,No,7.2,2.5,14.0,Healthy,Low,No
1848,27,Female,Quiet,66,2.3,11,No,0.4,0.0,10.7,Healthy,High,No
1849,77,Female,Loud,95,6.0,32,Yes,23.6,7.6,38.3,Damaged,Moderate,No
1850,21,Male,Very Loud,106,2.9,5,No,4640.0,232.0,52.6,Damaged,Low,No
1851,49,Male,Moderate,77,8.5,2,No,16.7,0.3,14.8,Healthy,High,Yes
1852,68,Female,Moderate,81,2.3,32,No,11.4,3.6,19.8,Healthy,Moderate,No
1853,77,Female,Quiet,62,0.6,23,No,0.0,0.0,14.6,Healthy,Low,Yes
1854,39,Female,Loud,91,1.6,5,No,80.0,4.0,10.9,Healthy,Moderate,No
1855,20,Female,Loud,88,3.1,4,Yes,2.4,0.1,9.4,Healthy,Low,No
1856,32,Female,Quiet,64,4.7,4,No,0.5,0.0,1.6,Healthy,Low,Yes
1857,35,Female,Moderate,79,3.4,19,No,10.6,2.0,14.4,Healthy,Low,Yes
1858,52,Female,Very Loud,110,4.0,13,No,16127.0,2096.5,63.3,Damaged,Moderate,No
1859,28,Male,Moderate,82,0.5,12,No,3.1,0.4,4.2,Healthy,Moderate,No
1860,57,Male,Moderate,84,3.2,12,No,31.7,3.8,26.1,Damaged,Low,No
1861,29,Female,Very Loud,112,3.2,13,No,20480.0,2662.4,56.7,Damaged,Low,No
1862,55,Female,Loud,89,3.2,2,No,100.8,2.0,15.5,Healthy,Low,No
1863,80,Female,Quiet,74,1.8,35,No,1.8,0.6,13.8,Healthy,Low,No
1864,54,Male,Very Loud,110,3.8,20,Yes,478.8,95.8,66.2,Damaged,Low,No
1865,60,Male,Very Loud,111,6.7,1,No,34033.9,340.3,52.2,Damaged,Moderate,No
1866,46,Male,Loud,99,3.8,3,No,1206.4,36.2,60.3,Damaged,Low,No
1867,39,Male,Quiet,73,2.5,7,No,2.0,0.1,12.4,Healthy,Moderate,Yes
1868,51,Male,Quiet,71,0.9,20,No,0.4,0.1,29.1,Damaged,High,Yes
1869,52,Female,Quiet,73,1.4,17,No,1.1,0.2,13.7,Healthy,Moderate,Yes
1870,18,Male,Loud,89,2.0,2,No,63.0,1.3,16.1,Healthy,Moderate,No
1871,31,Male,Moderate,81,3.7,15,No,18.4,2.8,19.1,Healthy,High,No
1872,74,Male,Quiet,69,3.2,31,No,1.0,0.3,8.2,Healthy,Moderate,No
1873,52,Male,Moderate,79,5.6,33,No,17.5,5.8,29.0,Damaged,Moderate,No
1874,46,Female,Loud,94,1.0,18,No,100.0,18.0,43.6,Damaged,High,No
1875,38,Female,Loud,94,4.5,22,No,450.0,99.0,58.3,Damaged,Low,No
1876,38,Female,Very Loud,111,4.2,22,No,21334.7,4693.6,66.4,Damaged,Moderate,Yes
1877,41,Male,Loud,94,2.2,12,No,220.0,26.4,56.8,Damaged,Moderate,No
1878,18,Female,Loud,94,9.6,2,No,960.0,19.2,47.0,Damaged,High,No
1879,69,Male,Quiet,65,6.6,1,No,0.8,0.0,11.1,Healthy,Moderate,Yes
1880,49,Male,Moderate,80,3.4,19,No,13.4,2.5,14.7,Healthy,Low,Yes
1881,31,Male,Very Loud,104,6.7,15,No,6753.2,1013.0,58.3,Damaged,Low,No
1882,63,Female,Very Loud,109,1.5,10,Yes,150.0,15.0,48.7,Damaged,Low,Yes
1883,41,Male,Loud,88,6.5,24,No,162.5,39.0,60.7,Damaged,Moderate,No
1884,64,Female,Very Loud,105,1.8,31,No,2285.9,708.6,58.9,Damaged,Moderate,No
1885,34,Female,Loud,90,2.3,18,Yes,2.9,0.5,11.5,Healthy,Low,Yes
1886,55,Male,Loud,91,4.7,4,No,235.0,9.4,31.8,Damaged,Moderate,No
1887,18,Female,Moderate,84,1.8,2,No,17.9,0.4,23.3,Healthy,High,Yes
1888,56,Male,Quiet,63,4.2,35,No,0.3,0.1,12.4,Healthy,High,No
1889,20,Female,Loud,89,0.5,4,No,15.7,0.6,7.5,Healthy,High,No
1890,43,Male,Quiet,73,3.9,27,No,3.0,0.8,17.5,Healthy,High,Yes
1891,49,Male,Very Loud,101,2.2,33,Yes,34.6,11.4,44.3,Damaged,High,No
1892,19,Female,Moderate,79,4.3,3,No,13.4,0.4,-1.7,Healthy,Low,No
1893,45,Male,Moderate,78,1.1,23,No,2.7,0.6,11.2,Healthy,High,Yes
1894,36,Male,Quiet,66,5.5,2,No,0.9,0.0,5.5,Healthy,Low,No
1895,45,Male,Very Loud,111,4.4,17,Yes,698.5,118.7,70.0,Damaged,High,Yes
1896,58,Male,Loud,91,4.0,21,Yes,6.2,1.3,17.2,Healthy,Moderate,Yes
1897,43,Female,Loud,89,1.4,27,No,44.1,11.9,40.5,Damaged,Low,No
1898,62,Male,Very Loud,106,1.4,9,No,2240.0,201.6,58.4,Damaged,Low,No
1899,31,Male,Quiet,70,1.4,15,No,0.5,0.1,6.4,Healthy,Low,No
1900,29,Male,Loud,94,6.3,13,No,630.0,81.9,60.0,Damaged,High,Yes
1901,57,Female,Moderate,84,2.1,1,No,20.8,0.2,19.1,Healthy,Moderate,Yes
1902,27,Male,Moderate,82,1.8,11,No,11.2,1.2,13.8,Healthy,Moderate,No
1903,48,Male,Moderate,83,3.2,4,No,25.2,1.0,12.1,Healthy,Low,No
1904,30,Male,Quiet,64,3.0,14,No,0.3,0.0,9.7,Healthy,Moderate,No
1905,42,Female,Loud,90,2.3,26,No,91.3,23.7,51.3,Damaged,Low,Yes
1906,49,Female,Moderate,79,5.0,17,No,15.6,2.7,25.0,Healthy,Moderate,No
1907,32,Male,Loud,96,1.8,16,Yes,8.9,1.4,12.5,Healthy,Low,No
1908,32,Female,Loud,97,6.7,16,No,1340.0,214.4,63.1,Damaged,Moderate,No
1909,21,Female,Moderate,78,4.9,5,No,12.2,0.6,2.1,Healthy,Low,No
1910,55,Female,Quiet,68,4.1,12,No,1.0,0.1,18.5,Healthy,High,No
1911,29,Male,Moderate,76,3.0,11,No,4.7,0.5,13.8,Healthy,High,No
1912,28,Male,Quiet,62,2.8,12,No,0.2,0.0,7.1,Healthy,Moderate,No
1913,41,Female,Quiet,61,1.6,25,No,0.1,0.0,9.1,Healthy,Moderate,Yes
1914,37,Female,Very Loud,114,1.2,21,No,12191.2,2560.2,59.6,Damaged,Low,No
1915,30,Female,Quiet,65,4.1,14,No,0.5,0.1,14.9,Healthy,Moderate,No
1916,47,Female,Moderate,80,2.9,31,No,11.4,3.5,27.8,Damaged,High,Yes
1917,43,Female,Loud,93,1.7,27,No,134.9,36.4,47.2,Damaged,High,No
1918,32,Male,Quiet,67,2.9,16,No,0.6,0.1,16.2,Healthy,High,No
1919,34,Male,Very Loud,103,5.6,18,Yes,140.0,25.2,48.3,Damaged,Low,Yes
1920,61,Female,Moderate,81,7.2,7,No,35.7,2.5,16.4,Healthy,High,No
1921,43,Female,Quiet,74,1.6,6,No,1.6,0.1,17.4,Healthy,Moderate,Yes
1922,34,Male,Moderate,76,2.6,5,No,4.1,0.2,9.3,Healthy,Low,No
1923,40,Male,Quiet,65,1.9,24,No,0.2,0.0,12.2,Healthy,Low,No
1924,50,Male,Loud,87,2.3,34,No,45.6,15.5,38.6,Damaged,High,No
1925,70,Female,Moderate,78,1.7,6,No,4.2,0.3,21.2,Healthy,Moderate,No
1926,24,Male,Loud,89,4.4,8,No,138.6,11.1,46.6,Damaged,High,Yes
1927,48,Female,Moderate,83,4.2,30,No,33.1,9.9,33.2,Damaged,Moderate,Yes
1928,33,Female,Loud,95,4.5,17,No,567.0,96.4,53.9,Damaged,Moderate,No
1929,46,Female,Moderate,76,10.3,17,No,16.1,2.7,13.8,Healthy,Moderate,No
1930,33,Female,Very Loud,108,3.9,17,No,9905.4,1683.9,62.3,Damaged,Low,Yes
1931,31,Female,Quiet,72,5.8,15,No,3.6,0.5,2.9,Healthy,High,No
1932,30,Male,Moderate,81,1.4,14,No,6.9,1.0,4.5,Healthy,Low,No
1933,34,Male,Quiet,74,3.3,18,No,3.2,0.6,-3.7,Healthy,Moderate,No
1934,46,Male,Moderate,84,3.3,7,No,32.7,2.3,14.6,Healthy,Moderate,Yes
1935,70,Female,Quiet,71,5.5,5,No,2.7,0.1,14.0,Healthy,Moderate,No
1936,27,Male,Very Loud,114,0.8,11,No,8127.5,894.0,59.8,Damaged,Moderate,No
1937,30,Male,Moderate,76,1.3,1,No,2.0,0.0,12.5,Healthy,Moderate,No
1938,35,Female,Very Loud,113,3.4,19,No,27415.9,5209.0,60.5,Damaged,High,Yes
1939,65,Male,Loud,86,2.9,20,Yes,1.4,0.3,19.6,Healthy,High,No
1940,64,Male,Moderate,82,1.1,19,No,6.9,1.3,11.7,Healthy,Moderate,No
1941,63,Male,Quiet,73,2.5,6,No,2.0,0.1,26.4,Damaged,Low,Yes
1942,50,Female,Loud,87,2.2,3,No,43.7,1.3,20.3,Healthy,Low,Yes
1943,42,Female,Quiet,72,2.7,16,No,1.7,0.3,10.4,Healthy,Low,No
1944,24,Female,Loud,88,1.6,1,No,40.0,0.4,4.6,Healthy,Moderate,No
1945,43,Female,Very Loud,104,1.6,4,No,1612.7,64.5,50.5,Damaged,Low,No
1946,47,Female,Loud,91,8.7,19,No,435.0,82.6,73.4,Damaged,Moderate,Yes
1947,35,Female,Loud,98,0.8,15,Yes,6.3,0.9,6.2,Healthy,Low,No
1948,33,Male,Moderate,79,8.6,3,No,26.9,0.8,21.0,Healthy,High,Yes
1949,24,Female,Loud,95,2.9,8,Yes,11.4,0.9,5.0,Healthy,Low,No
1950,48,Female,Quiet,64,5.2,7,No,0.5,0.0,13.2,Healthy,Moderate,No
1951,40,Female,Quiet,60,4.6,5,No,0.2,0.0,4.3,Healthy,Moderate,No
1952,56,Male,Moderate,80,6.8,25,No,26.8,6.7,36.3,Damaged,Moderate,No
1953,33,Female,Quiet,71,2.4,17,No,1.2,0.2,15.1,Healthy,Moderate,No
1954,33,Male,Loud,94,1.6,1,Yes,5.0,0.0,5.6,Healthy,Moderate,No
1955,59,Male,Very Loud,114,3.1,23,No,31494.0,7243.6,70.4,Damaged,Moderate,No
1956,43,Male,Moderate,82,3.7,27,No,23.1,6.2,25.7,Damaged,Low,No
1957,19,Male,Quiet,65,3.4,3,No,0.4,0.0,6.4,Healthy,Low,No
1958,31,Female,Moderate,79,4.7,6,No,14.7,0.9,6.9,Healthy,Low,No
1959,27,Female,Moderate,82,2.8,6,No,17.5,1.0,19.1,Healthy,Low,No
1960,39,Female,Loud,86,1.1,16,No,17.3,2.8,19.3,Healthy,Low,No
1961,18,Male,Moderate,82,6.4,2,No,40.0,0.8,10.3,Healthy,Low,Yes
1962,52,Male,Loud,97,5.0,9,No,1000.0,90.0,64.8,Damaged,High,No
1963,52,Male,Loud,86,5.4,10,No,85.0,8.5,42.7,Damaged,High,No
1964,40,Female,Moderate,83,3.2,24,No,25.2,6.0,21.1,Healthy,Low,No
1965,40,Female,Loud,97,6.3,2,No,1260.0,25.2,48.7,Damaged,Low,No
1966,40,Female,Loud,94,3.8,10,Yes,11.9,1.2,-5.0,Healthy,Low,No
1967,34,Male,Quiet,69,6.7,18,No,2.1,0.4,7.9,Healthy,High,No
1968,58,Female,Very Loud,111,6.0,21,No,30478.1,6400.4,71.6,Damaged,High,No
1969,27,Female,Loud,97,7.0,11,No,1400.0,154.0,48.8,Damaged,Moderate,No
1970,77,Female,Loud,89,10.7,28,Yes,10.5,2.9,29.6,Damaged,High,Yes
1971,26,Male,Moderate,76,4.6,10,No,7.2,0.7,10.7,Healthy,Low,No
1972,46,Female,Quiet,73,3.8,10,No,3.0,0.3,14.3,Healthy,High,Yes
1973,28,Female,Loud,94,3.0,1,No,300.0,3.0,25.4,Damaged,Moderate,No
1974,30,Male,Moderate,78,1.1,8,No,2.7,0.2,4.6,Healthy,High,No
1975,39,Male,Moderate,80,2.5,9,No,9.8,0.9,12.1,Healthy,High,No
1976,20,Female,Loud,94,4.5,3,No,450.0,13.5,35.4,Damaged,Low,No
1977,50,Male,Loud,97,3.6,25,No,720.0,180.0,59.3,Damaged,Low,No
1978,45,Female,Loud,92,2.0,21,Yes,3.9,0.8,16.6,Healthy,High,No
1979,50,Female,Loud,90,2.2,25,Yes,2.7,0.7,23.2,Healthy,Low,Yes
1980,53,Female,Loud,86,1.7,21,No,26.8,5.6,31.3,Damaged,Low,Yes
1981,30,Male,Quiet,62,2.3,14,No,0.1,0.0,1.5,Healthy,High,No
1982,39,Female,Loud,89,6.6,23,No,207.9,47.8,57.1,Damaged,High,Yes
1983,39,Female,Quiet,63,4.9,21,No,0.4,0.1,9.7,Healthy,Moderate,No
1984,59,Female,Very Loud,114,4.4,20,No,44701.2,8940.2,68.7,Damaged,Moderate,No
1985,40,Male,Loud,99,6.1,14,No,1936.6,271.1,63.4,Damaged,Low,Yes
1986,29,Male,Quiet,63,3.7,13,No,0.3,0.0,9.2,Healthy,Moderate,No
1987,47,Female,Moderate,81,2.7,31,No,13.4,4.2,16.3,Healthy,Low,No
1988,36,Female,Loud,96,1.5,2,No,238.1,4.8,33.3,Damaged,Low,Yes
1989,55,Male,Quiet,69,0.9,15,No,0.3,0.0,8.4,Healthy,Low,No
1990,62,Female,Moderate,80,4.9,14,No,19.3,2.7,14.7,Healthy,Moderate,No
1991,57,Male,Moderate,84,3.4,15,No,33.7,5.1,25.1,Damaged,Moderate,No
1992,31,Male,Moderate,78,3.1,15,No,7.7,1.2,11.8,Healthy,Moderate,No
1993,55,Female,Moderate,83,3.5,32,No,27.6,8.8,38.9,Damaged,Moderate,No
1994,29,Male,Loud,96,1.2,13,No,190.5,24.8,44.3,Damaged,Moderate,Yes
1995,37,Female,Quiet,74,3.3,5,No,3.2,0.2,7.2,Healthy,Moderate,No
1996,56,Male,Quiet,69,3.6,10,No,1.1,0.1,11.6,Healthy,Moderate,Yes
1997,46,Female,Moderate,78,4.5,4,No,11.2,0.4,11.0,Healthy,High,No
1998,70,Male,Moderate,82,2.8,35,No,17.5,6.1,30.4,Damaged,Low,No
1999,55,Male,Very Loud,103,5.8,6,No,4640.0,278.4,63.8,Damaged,Low,Yes
2000,45,Female,Quiet,74,1.2,26,No,1.2,0.3,4.4,Healthy,Low,No
2001,59,Male,Very Loud,109,1.5,23,Yes,150.0,34.5,53.5,Damaged,Moderate,No
2002,44,Female,Quiet,71,1.6,4,No,0.8,0.0,12.8,Healthy,Low,No
2003,62,Male,Quiet,71,2.9,20,No,1.4,0.3,20.5,Healthy,Low,No
2004,18,Male,Loud,97,3.1,2,No,620.0,12.4,33.8,Damaged,High,No
2005,41,Female,Moderate,78,3.7,6,No,9.2,0.6,16.0,Healthy,High,No
2006,28,Male,Loud,99,2.3,12,No,730.2,87.6,62.9,Damaged,High,No
2007,40,Male,Moderate,84,6.1,24,No,60.5,14.5,38.0,Damaged,Moderate,No
2008,34,Male,Moderate,83,2.5,9,No,19.7,1.8,16.1,Healthy,Moderate,No
2009,71,Female,Loud,96,4.4,4,No,698.5,27.9,60.1,Damaged,Moderate,Yes
2010,51,Female,Loud,93,4.3,18,No,341.3,61.4,64.3,Damaged,Low,No
2011,40,Male,Quiet,73,2.3,24,No,1.8,0.4,10.1,Healthy,Low,No
2012,55,Female,Moderate,81,2.7,15,No,13.4,2.0,14.6,Healthy,Low,No
2013,18,Female,Very Loud,111,1.0,2,No,5079.7,101.6,58.4,Damaged,Low,No
2014,62,Male,Moderate,79,2.2,10,No,6.9,0.7,12.6,Healthy,Moderate,No
2015,18,Male,Quiet,69,4.0,2,No,1.2,0.0,13.0,Healthy,Low,No
2016,44,Male,Moderate,81,2.5,21,No,12.4,2.6,19.4,Healthy,Low,No
2017,71,Male,Loud,88,3.0,4,No,75.0,3.0,20.1,Healthy,Moderate,No
2018,25,Female,Loud,90,1.8,9,Yes,2.2,0.2,-5.0,Healthy,Low,No
2019,28,Male,Moderate,80,0.9,12,No,3.5,0.4,9.5,Healthy,Moderate,No
2020,18,Male,Moderate,77,3.8,2,No,7.5,0.2,9.1,Healthy,Moderate,Yes
2021,18,Female,Quiet,62,4.3,2,No,0.3,0.0,-0.7,Healthy,Moderate,No
2022,46,Female,Quiet,70,2.0,9,No,0.8,0.1,18.0,Healthy,Moderate,No
2023,44,Female,Very Loud,110,3.2,28,No,12901.6,3612.4,62.0,Damaged,High,No
2024,35,Female,Moderate,77,2.6,18,No,5.1,0.9,3.4,Healthy,Low,No
2025,47,Male,Quiet,63,2.7,31,No,0.2,0.1,14.3,Healthy,Low,Yes
2026,35,Female,Moderate,84,6.9,16,No,68.5,11.0,29.8,Damaged,Moderate,No
2027,28,Female,Loud,95,4.7,12,No,592.2,71.1,48.0,Damaged,Low,No
2028,36,Male,Quiet,65,1.9,20,No,0.2,0.0,-5.0,Healthy,Low,No
2029,24,Female,Moderate,83,6.1,8,No,48.0,3.8,17.3,Healthy,Low,No
2030,18,Female,Moderate,76,1.5,2,No,2.3,0.0,7.8,Healthy,Moderate,No
2031,38,Female,Moderate,79,2.3,10,No,7.2,0.7,18.4,Healthy,Moderate,No
2032,48,Female,Moderate,80,2.8,8,No,11.0,0.9,10.0,Healthy,Moderate,Yes
2033,59,Male,Quiet,67,3.2,33,No,0.6,0.2,12.2,Healthy,High,No
2034,51,Female,Quiet,70,3.9,34,No,1.5,0.5,16.3,Healthy,Low,No
2035,37,Female,Very Loud,112,4.2,5,No,26880.0,1344.0,51.9,Damaged,Low,No
2036,29,Male,Moderate,80,1.9,1,No,7.5,0.1,5.3,Healthy,Moderate,No
2037,40,Female,Loud,90,2.5,24,No,99.2,23.8,42.7,Damaged,Moderate,No
2038,47,Male,Moderate,81,2.8,1,No,13.9,0.1,23.2,Healthy,Moderate,Yes
2039,41,Male,Moderate,76,2.7,15,No,4.2,0.6,18.5,Healthy,Moderate,No
2040,34,Female,Quiet,67,3.3,6,No,0.6,0.0,18.2,Healthy,High,No
2041,48,Female,Loud,97,3.0,7,No,600.0,42.0,65.7,Damaged,Moderate,Yes
2042,18,Male,Quiet,61,3.7,2,No,0.2,0.0,0.9,Healthy,Low,No
2043,52,Female,Moderate,80,3.1,22,No,12.2,2.7,30.3,Damaged,High,No
2044,68,Female,Moderate,77,3.5,2,No,6.9,0.1,8.4,Healthy,Moderate,No
2045,23,Female,Moderate,83,3.9,1,No,30.7,0.3,10.8,Healthy,Low,No
2046,51,Female,Loud,88,4.1,22,Yes,3.2,0.7,20.1,Healthy,Low,Yes
2047,36,Female,Moderate,79,4.0,4,No,12.5,0.5,8.1,Healthy,High,No
2048,31,Male,Loud,88,0.5,5,No,12.5,0.6,15.4,Healthy,High,No
2049,52,Female,Loud,97,2.6,26,No,520.0,135.2,69.8,Damaged,High,No
2050,52,Female,Moderate,82,2.5,28,No,15.6,4.4,14.8,Healthy,Low,No
2051,40,Female,Quiet,62,5.8,24,No,0.4,0.1,-5.0,Healthy,Low,No
2052,68,Male,Very Loud,111,2.2,10,No,11175.3,1117.5,60.2,Damaged,Moderate,No
2053,50,Male,Very Loud,103,2.8,5,No,2240.0,112.0,63.7,Damaged,Low,No
2054,18,Female,Moderate,76,9.5,2,No,14.8,0.3,6.9,Healthy,Low,No
2055,65,Male,Very Loud,107,4.2,14,No,8466.7,1185.3,72.3,Damaged,Moderate,No
2056,44,Female,Quiet,65,1.2,25,No,0.1,0.0,12.0,Healthy,Moderate,No
2057,66,Male,Quiet,67,1.8,13,No,0.4,0.1,22.5,Healthy,Moderate,No
2058,28,Male,Very Loud,114,4.3,12,Yes,1365.2,163.8,51.6,Damaged,Low,No
2059,29,Male,Loud,92,1.6,13,No,100.8,13.1,28.8,Damaged,Low,No
2060,36,Male,Moderate,81,2.5,5,No,12.4,0.6,13.9,Healthy,Moderate,No
2061,47,Male,Very Loud,102,4.5,16,No,2857.3,457.2,70.3,Damaged,Moderate,Yes
2062,53,Female,Very Loud,101,7.3,24,Yes,115.0,27.6,56.1,Damaged,Low,Yes
2063,31,Female,Moderate,83,1.4,8,No,11.0,0.9,5.7,Healthy,High,No
2064,89,Female,Moderate,83,6.7,31,No,52.8,16.4,59.8,Damaged,Low,No
2065,28,Female,Quiet,65,0.7,12,No,0.1,0.0,-1.9,Healthy,High,No
2066,36,Male,Quiet,62,8.9,20,No,0.5,0.1,18.0,Healthy,Moderate,No
2067,73,Male,Loud,91,3.3,15,No,165.0,24.8,48.7,Damaged,Moderate,No
2068,71,Male,Quiet,60,0.5,35,No,0.0,0.0,11.6,Healthy,Low,No
2069,65,Female,Loud,96,3.4,32,No,539.7,172.7,64.1,Damaged,Moderate,No
2070,48,Female,Quiet,68,3.1,11,No,0.8,0.1,21.3,Healthy,Moderate,Yes
2071,44,Male,Moderate,83,4.6,17,No,36.2,6.2,36.3,Damaged,Moderate,No
2072,76,Male,Quiet,74,1.9,19,No,1.9,0.4,5.3,Healthy,Low,No
2073,23,Male,Very Loud,107,2.7,2,Yes,170.1,3.4,22.4,Healthy,Moderate,No
2074,33,Female,Very Loud,101,1.2,6,Yes,18.9,1.1,11.4,Healthy,Moderate,Yes
2075,43,Female,Quiet,61,5.2,27,No,0.3,0.1,8.3,Healthy,Moderate,No
2076,45,Male,Moderate,77,5.7,28,No,11.2,3.1,24.2,Healthy,Moderate,No
2077,58,Male,Moderate,83,1.2,31,No,9.4,2.9,19.3,Healthy,Low,Yes
2078,44,Male,Quiet,67,2.1,11,No,0.4,0.0,8.2,Healthy,Moderate,No
2079,47,Female,Quiet,65,2.8,10,No,0.3,0.0,14.0,Healthy,Moderate,No
2080,49,Female,Moderate,82,4.7,4,No,29.4,1.2,10.5,Healthy,Low,Yes
2081,38,Female,Quiet,74,1.2,22,No,1.2,0.3,12.0,Healthy,Low,No
2082,46,Male,Quiet,62,3.8,29,No,0.2,0.1,19.2,Healthy,Moderate,Yes
2083,25,Female,Quiet,74,2.2,9,No,2.2,0.2,-1.8,Healthy,Low,No
2084,28,Male,Moderate,78,11.0,12,No,27.3,3.3,16.5,Healthy,Low,Yes
2085,42,Male,Moderate,79,3.1,8,No,9.7,0.8,5.7,Healthy,Low,No
2086,37,Female,Quiet,68,2.9,21,No,0.7,0.1,22.3,Healthy,Low,Yes
2087,51,Male,Loud,98,1.4,20,No,352.8,70.6,60.7,Damaged,Low,No
2088,43,Male,Quiet,72,4.2,10,No,2.6,0.3,18.8,Healthy,Low,No
2089,46,Male,Very Loud,109,2.2,30,No,7040.0,2112.0,54.9,Damaged,Low,No
2090,56,Male,Moderate,77,1.3,9,No,2.6,0.2,13.1,Healthy,Moderate,No
2091,18,Male,Moderate,82,8.8,2,No,55.0,1.1,6.0,Healthy,Moderate,No
2092,25,Female,Loud,92,1.1,9,Yes,2.2,0.2,10.3,Healthy,Moderate,No
2093,37,Male,Quiet,67,2.9,17,No,0.6,0.1,5.7,Healthy,Moderate,Yes
2094,69,Male,Loud,93,2.1,22,No,166.7,36.7,66.9,Damaged,Moderate,No
2095,36,Female,Moderate,80,8.0,17,No,31.5,5.4,26.7,Damaged,Moderate,No
2096,69,Male,Quiet,67,4.7,13,No,0.9,0.1,20.9,Healthy,Moderate,No
2097,57,Female,Quiet,64,2.4,1,No,0.2,0.0,18.4,Healthy,High,No
2098,44,Male,Loud,87,4.7,13,Yes,2.9,0.4,16.3,Healthy,High,No
2099,48,Female,Quiet,66,3.8,25,No,0.6,0.2,1.1,Healthy,Low,No
2100,51,Female,Loud,91,5.3,5,No,265.0,13.2,35.9,Damaged,Low,No
2101,36,Male,Moderate,78,2.5,16,No,6.2,1.0,16.2,Healthy,High,Yes
2102,64,Male,Moderate,80,2.0,12,No,7.9,0.9,23.3,Healthy,Low,Yes
2103,49,Male,Moderate,80,2.8,15,No,11.0,1.6,18.7,Healthy,High,No
2104,42,Female,Moderate,84,4.9,9,No,48.6,4.4,17.5,Healthy,Moderate,No
2105,33,Female,Very Loud,107,4.4,9,Yes,277.2,24.9,39.1,Damaged,Moderate,No
2106,51,Female,Very Loud,109,1.7,28,No,5440.0,1523.2,68.1,Damaged,Low,Yes
2107,51,Male,Quiet,67,4.5,6,No,0.9,0.1,10.8,Healthy,High,No
2108,55,Female,Loud,86,4.0,28,No,63.0,17.6,50.2,Damaged,Moderate,No
2109,76,Male,Loud,91,4.5,27,Yes,7.0,1.9,28.8,Damaged,Low,No
2110,52,Female,Very Loud,109,1.2,25,No,3840.0,960.0,60.7,Damaged,Low,No
2111,33,Female,Quiet,70,4.1,17,No,1.6,0.3,5.7,Healthy,Low,No
2112,33,Male,Very Loud,104,3.2,17,Yes,100.8,17.1,38.5,Damaged,Moderate,No
2113,24,Female,Moderate,84,3.3,8,No,32.7,2.6,16.9,Healthy,Moderate,Yes
2114,28,Male,Very Loud,108,11.3,3,Yes,896.9,26.9,45.5,Damaged,High,No
2115,23,Female,Loud,89,2.8,1,No,88.2,0.9,15.9,Healthy,Moderate,No
2116,57,Female,Very Loud,104,1.7,10,Yes,53.5,5.4,20.5,Healthy,Low,No
2117,18,Female,Moderate,79,6.7,2,No,20.9,0.4,3.9,Healthy,Moderate,No
2118,64,Female,Quiet,70,5.3,1,No,2.1,0.0,14.5,Healthy,High,No
2119,33,Female,Moderate,81,2.8,12,No,13.9,1.7,9.4,Healthy,Moderate,No
2120,22,Male,Quiet,61,9.6,6,No,0.5,0.0,3.5,Healthy,Low,No
2121,30,Female,Moderate,79,1.2,14,No,3.8,0.5,6.6,Healthy,Moderate,No
2122,41,Female,Moderate,82,4.2,24,No,26.2,6.3,19.6,Healthy,Moderate,No
2123,43,Female,Quiet,66,2.2,27,No,0.3,0.1,13.6,Healthy,Low,Yes
2124,35,Female,Quiet,60,1.3,8,No,0.1,0.0,2.6,Healthy,Low,No
2125,58,Male,Loud,89,5.7,12,No,179.5,21.5,47.0,Damaged,Moderate,No
2126,23,Male,Moderate,84,2.0,7,No,19.8,1.4,9.9,Healthy,Low,Yes
2127,28,Male,Quiet,69,0.7,12,No,0.2,0.0,10.1,Healthy,Moderate,No
2128,53,Female,Very Loud,107,1.1,12,No,2217.5,266.1,66.4,Damaged,Moderate,No
2129,23,Female,Quiet,70,4.9,4,No,1.9,0.1,15.0,Healthy,Low,Yes
2130,31,Female,Quiet,63,6.6,15,No,0.5,0.1,-4.6,Healthy,High,No
2131,50,Male,Moderate,76,8.1,19,No,12.7,2.4,15.3,Healthy,Low,Yes
2132,51,Female,Very Loud,111,2.4,15,No,12191.2,1828.7,69.5,Damaged,Moderate,No
2133,51,Female,Loud,90,2.2,8,No,87.3,7.0,30.9,Damaged,Low,No
2134,52,Male,Moderate,79,6.8,8,No,21.2,1.7,21.6,Healthy,High,No
2135,42,Male,Quiet,71,5.4,24,No,2.7,0.6,7.1,Healthy,Low,No
2136,45,Male,Loud,97,2.9,15,Yes,18.1,2.7,29.9,Damaged,High,Yes
2137,45,Female,Quiet,72,6.6,16,No,4.1,0.7,15.2,Healthy,Low,No
2138,42,Female,Moderate,83,4.7,11,No,37.0,4.1,21.7,Healthy,Moderate,No
2139,56,Female,Moderate,81,3.1,5,No,15.4,0.8,22.0,Healthy,Low,Yes
2140,43,Female,Very Loud,110,1.5,26,No,6047.6,1572.4,57.5,Damaged,Moderate,No
2141,55,Female,Moderate,82,3.6,8,No,22.5,1.8,21.2,Healthy,Low,Yes
2142,43,Female,Loud,93,3.8,15,No,301.6,45.2,58.7,Damaged,Moderate,No
2143,56,Female,Moderate,76,1.4,21,No,2.2,0.5,18.1,Healthy,Low,No
2144,18,Male,Moderate,77,1.0,2,No,2.0,0.0,1.5,Healthy,Moderate,No
2145,73,Male,Loud,99,1.5,23,No,476.2,109.5,60.1,Damaged,Low,No
2146,30,Female,Loud,96,3.1,14,No,492.1,68.9,51.1,Damaged,Moderate,No
2147,38,Male,Moderate,80,5.3,18,No,20.9,3.8,15.6,Healthy,Moderate,No
2148,35,Female,Very Loud,104,1.9,19,No,1915.1,363.9,55.2,Damaged,Low,No
2149,71,Female,Loud,96,5.0,6,Yes,24.8,1.5,37.9,Damaged,High,No
2150,21,Female,Moderate,79,6.0,5,No,18.8,0.9,5.3,Healthy,Low,No
2151,38,Male,Moderate,83,1.9,4,No,15.0,0.6,4.4,Healthy,Low,No
2152,39,Female,Very Loud,103,8.3,23,No,6640.0,1527.2,57.1,Damaged,Low,No
2153,78,Male,Moderate,81,3.4,1,No,16.9,0.2,13.8,Healthy,Moderate,Yes
2154,63,Male,Loud,89,2.3,17,No,72.4,12.3,46.0,Damaged,Moderate,Yes
2155,30,Male,Loud,92,3.7,14,No,233.1,32.6,54.1,Damaged,Low,No
2156,39,Male,Quiet,62,1.9,23,No,0.1,0.0,14.6,Healthy,High,Yes
2157,45,Female,Very Loud,101,1.8,22,No,907.1,199.6,63.5,Damaged,Low,No
2158,31,Female,Very Loud,111,11.2,15,No,56892.5,8533.9,71.2,Damaged,High,Yes
2159,64,Male,Moderate,84,6.3,33,No,62.5,20.6,51.3,Damaged,Low,No
2160,47,Female,Moderate,81,4.4,4,No,21.8,0.9,16.9,Healthy,Low,Yes
2161,18,Female,Loud,86,2.0,2,Yes,1.0,0.0,8.2,Healthy,Low,Yes
2162,44,Male,Quiet,61,2.6,21,No,0.1,0.0,13.9,Healthy,Low,Yes
2163,42,Male,Moderate,82,3.0,10,No,18.8,1.9,10.6,Healthy,High,No
2164,35,Female,Loud,96,1.2,19,Yes,6.0,1.1,14.6,Healthy,Low,No
2165,46,Female,Loud,98,6.3,25,Yes,49.6,12.4,31.8,Damaged,High,No
2166,53,Female,Loud,93,4.9,18,No,388.9,70.0,62.8,Damaged,Moderate,No
2167,39,Male,Quiet,71,9.5,10,No,4.7,0.5,9.4,Healthy,High,No
2168,33,Female,Loud,96,0.6,17,No,95.2,16.2,43.8,Damaged,Moderate,No
2169,48,Male,Loud,93,2.7,15,Yes,6.7,1.0,12.8,Healthy,Low,Yes
2170,18,Female,Moderate,80,4.7,2,No,18.5,0.4,1.9,Healthy,Low,No
2171,57,Male,Moderate,83,1.9,23,No,15.0,3.4,12.9,Healthy,Low,No
2172,23,Male,Quiet,67,6.1,7,No,1.2,0.1,3.1,Healthy,High,No
2173,45,Male,Quiet,71,2.0,29,No,1.0,0.3,9.4,Healthy,Low,No
2174,40,Male,Quiet,61,8.5,13,No,0.4,0.1,-0.2,Healthy,Moderate,No
2175,50,Female,Moderate,80,6.1,23,No,24.0,5.5,43.1,Damaged,Low,No
2176,34,Female,Moderate,83,3.1,9,No,24.4,2.2,13.5,Healthy,Low,No
2177,48,Female,Loud,86,4.1,22,No,64.6,14.2,29.4,Damaged,High,No
2178,18,Male,Loud,91,3.1,2,No,155.0,3.1,12.8,Healthy,Moderate,No
2179,63,Male,Moderate,82,2.5,35,No,15.6,5.5,25.1,Damaged,Low,No
2180,51,Male,Very Loud,113,3.7,28,No,29834.9,8353.8,57.1,Damaged,Moderate,No
2181,57,Female,Moderate,84,2.3,22,No,22.8,5.0,18.8,Healthy,Low,No
2182,35,Female,Loud,86,5.0,19,No,78.7,15.0,52.5,Damaged,High,No
2183,46,Female,Very Loud,113,2.0,21,No,16127.0,3386.7,75.1,Damaged,Low,Yes
2184,36,Male,Loud,99,2.2,19,No,698.5,132.7,63.6,Damaged,Low,No
2185,42,Female,Quiet,64,3.6,7,No,0.4,0.0,7.5,Healthy,Low,No
2186,26,Male,Quiet,63,1.8,10,No,0.1,0.0,5.7,Healthy,Moderate,No
2187,41,Male,Loud,97,6.2,25,Yes,38.8,9.7,32.5,Damaged,Moderate,No
2188,18,Female,Quiet,61,2.5,2,No,0.1,0.0,6.3,Healthy,Moderate,No
2189,59,Female,Moderate,80,2.8,12,No,11.0,1.3,23.5,Healthy,Moderate,No
2190,24,Female,Loud,90,5.3,1,Yes,6.6,0.1,7.7,Healthy,Low,No
2191,55,Male,Loud,86,2.8,22,No,44.1,9.7,51.0,Damaged,High,No
2192,63,Female,Loud,87,2.7,34,No,53.6,18.2,47.5,Damaged,Low,No
2193,53,Female,Loud,88,2.9,6,Yes,2.3,0.1,21.2,Healthy,High,No
2194,25,Male,Loud,90,3.9,9,Yes,4.8,0.4,4.3,Healthy,Moderate,No
2195,47,Male,Very Loud,113,2.6,1,Yes,655.2,6.6,27.4,Damaged,Moderate,No
2196,53,Male,Very Loud,109,3.1,30,No,9920.0,2976.0,60.1,Damaged,Low,No
2197,54,Female,Quiet,70,3.1,12,No,1.2,0.1,15.3,Healthy,Moderate,Yes
2198,49,Female,Quiet,66,2.7,3,No,0.4,0.0,13.9,Healthy,Low,Yes
2199,44,Female,Moderate,83,5.1,6,No,40.2,2.4,26.5,Damaged,Moderate,No
2200,38,Male,Loud,87,3.2,4,No,63.5,2.5,25.6,Damaged,Low,Yes
2201,38,Female,Very Loud,114,3.8,22,No,38605.6,8493.2,64.2,Damaged,Moderate,No
2202,45,Female,Quiet,62,5.7,29,No,0.4,0.1,12.6,Healthy,High,No
2203,41,Male,Quiet,73,3.5,10,No,2.7,0.3,4.4,Healthy,Moderate,No
2204,38,Male,Very Loud,110,3.8,3,No,15320.6,459.6,58.2,Damaged,Moderate,No
2205,37,Female,Moderate,76,5.6,21,No,8.8,1.8,19.2,Healthy,Moderate,No
2206,43,Female,Loud,86,3.6,20,Yes,1.8,0.4,7.9,Healthy,High,No
2207,34,Female,Loud,87,2.2,6,No,43.7,2.6,17.6,Healthy,Moderate,Yes
2208,56,Female,Quiet,69,5.6,22,No,1.7,0.4,13.6,Healthy,Low,No
2209,43,Female,Loud,88,1.3,7,No,32.5,2.3,7.9,Healthy,Moderate,No
2210,60,Female,Moderate,79,3.1,22,No,9.7,2.1,25.0,Healthy,High,Yes
2211,32,Male,Quiet,70,2.1,13,No,0.8,0.1,7.1,Healthy,Moderate,No
2212,29,Female,Very Loud,110,5.3,9,No,21368.3,1923.1,56.4,Damaged,Moderate,No
2213,34,Male,Moderate,84,2.1,18,No,20.8,3.7,31.0,Damaged,Low,No
2214,41,Male,Loud,96,5.7,10,No,904.8,90.5,57.1,Damaged,Moderate,No
2215,42,Female,Moderate,78,1.4,26,No,3.5,0.9,19.4,Healthy,Low,No
2216,57,Male,Loud,86,2.8,16,Yes,1.4,0.2,4.0,Healthy,Low,No
2217,18,Female,Very Loud,110,2.2,2,No,8869.8,177.4,54.6,Damaged,High,No
2218,46,Male,Loud,90,7.2,26,No,285.7,74.3,72.4,Damaged,Low,No
2219,18,Female,Quiet,61,5.6,2,No,0.3,0.0,7.1,Healthy,Moderate,Yes
2220,28,Male,Moderate,81,2.7,12,No,13.4,1.6,30.6,Damaged,Moderate,Yes
2221,40,Male,Quiet,66,7.1,24,No,1.1,0.3,17.3,Healthy,High,No
2222,43,Male,Quiet,63,3.3,7,No,0.3,0.0,9.8,Healthy,Low,Yes
2223,62,Male,Quiet,62,4.0,19,No,0.2,0.0,25.0,Healthy,Moderate,No
2224,39,Male,Moderate,81,1.9,23,No,9.4,2.2,1.4,Healthy,Low,No
2225,61,Female,Quiet,69,6.5,5,No,2.0,0.1,31.5,Damaged,Low,Yes
2226,52,Male,Quiet,73,4.9,24,No,3.8,0.9,10.6,Healthy,Low,No
2227,40,Female,Quiet,70,4.7,17,No,1.8,0.3,11.1,Healthy,High,No
2228,56,Female,Moderate,77,3.0,24,No,5.9,1.4,33.2,Damaged,Moderate,No
2229,36,Male,Very Loud,109,4.4,5,No,14080.0,704.0,53.3,Damaged,Moderate,No
2230,51,Female,Quiet,65,4.1,20,No,0.5,0.1,9.9,Healthy,Low,No
2231,71,Female,Quiet,71,2.4,29,No,1.2,0.3,21.7,Healthy,High,No
2232,53,Male,Loud,89,3.5,33,No,110.2,36.4,55.2,Damaged,Moderate,No
2233,42,Female,Very Loud,112,3.2,10,Yes,640.0,64.0,67.2,Damaged,High,No
2234,33,Female,Very Loud,106,0.9,10,No,1440.0,144.0,54.0,Damaged,High,No
2235,38,Male,Loud,97,3.9,22,No,780.0,171.6,51.7,Damaged,Low,No
2236,33,Female,Quiet,69,2.2,6,No,0.7,0.0,-0.8,Healthy,Moderate,No
2237,69,Female,Loud,95,3.6,19,No,453.6,86.2,71.7,Damaged,High,No
2238,55,Male,Very Loud,104,2.5,1,No,2519.8,25.2,56.4,Damaged,Low,No
2239,45,Female,Moderate,84,5.1,20,No,50.6,10.1,29.8,Damaged,Moderate,No
2240,50,Female,Loud,91,2.8,26,No,140.0,36.4,65.4,Damaged,Moderate,No
2241,72,Female,Loud,88,1.3,3,No,32.5,1.0,15.6,Healthy,Moderate,No
2242,40,Female,Quiet,65,4.2,10,No,0.5,0.0,3.8,Healthy,Moderate,No
2243,38,Female,Quiet,60,2.7,10,No,0.1,0.0,10.0,Healthy,Moderate,No
2244,66,Male,Loud,99,4.0,24,No,1269.9,304.8,61.9,Damaged,Low,No
2245,54,Male,Quiet,66,6.1,20,No,0.9,0.2,-1.1,Healthy,Low,No
2246,28,Male,Quiet,61,0.6,12,No,0.0,0.0,13.8,Healthy,High,No
2247,53,Female,Very Loud,112,2.5,31,No,16000.0,4960.0,63.2,Damaged,Low,Yes
2248,43,Female,Quiet,69,5.3,3,No,1.6,0.0,8.2,Healthy,Moderate,No
2249,40,Male,Loud,91,1.1,24,Yes,1.7,0.4,9.0,Healthy,Low,No
2250,38,Male,Loud,88,1.7,10,No,42.5,4.2,13.9,Healthy,Low,No
2251,36,Female,Moderate,79,3.0,6,No,9.4,0.6,13.9,Healthy,Low,No
2252,46,Female,Loud,97,2.6,25,No,520.0,130.0,60.8,Damaged,High,No
2253,56,Male,Quiet,69,5.2,30,No,1.6,0.5,8.3,Healthy,High,No
2254,29,Female,Very Loud,106,3.3,13,No,5280.0,686.4,50.1,Damaged,Moderate,No
2255,50,Female,Quiet,72,1.3,34,No,0.8,0.3,8.7,Healthy,High,Yes
2256,21,Female,Loud,86,2.1,1,No,33.1,0.3,4.5,Healthy,Moderate,Yes
2257,40,Female,Moderate,80,1.4,24,No,5.5,1.3,5.0,Healthy,Low,No
2258,58,Female,Loud,95,1.7,20,Yes,6.7,1.3,11.9,Healthy,Low,No
2259,43,Female,Loud,95,4.3,27,No,541.8,146.3,66.0,Damaged,Low,No
2260,38,Female,Quiet,70,1.7,11,No,0.7,0.1,4.8,Healthy,Low,No
2261,66,Female,Loud,90,1.3,28,Yes,1.6,0.4,22.7,Healthy,High,No
2262,52,Male,Moderate,80,2.5,3,No,9.8,0.3,7.1,Healthy,Moderate,Yes
2263,48,Male,Quiet,62,5.8,25,No,0.4,0.1,7.5,Healthy,Low,No
2264,52,Female,Moderate,77,1.2,6,No,2.4,0.1,9.8,Healthy,Moderate,No
2265,24,Male,Moderate,80,2.0,8,No,7.9,0.6,8.0,Healthy,High,No
2266,39,Male,Moderate,76,10.7,22,No,16.7,3.7,20.0,Healthy,Moderate,No
2267,71,Male,Loud,94,5.9,22,No,590.0,129.8,71.6,Damaged,Low,No
2268,55,Male,Loud,91,8.3,15,No,415.0,62.3,58.7,Damaged,Low,No
2269,69,Female,Moderate,83,2.0,2,No,15.7,0.3,9.1,Healthy,Low,No
2270,30,Female,Quiet,73,1.9,7,No,1.5,0.1,7.0,Healthy,Low,Yes
2271,38,Male,Quiet,67,3.1,10,No,0.6,0.1,7.6,Healthy,Low,No
2272,56,Male,Loud,95,4.4,13,Yes,17.3,2.2,18.9,Healthy,High,Yes
2273,57,Female,Quiet,71,4.8,8,No,2.4,0.2,9.8,Healthy,Low,No
2274,18,Male,Quiet,60,2.0,2,No,0.1,0.0,6.6,Healthy,High,No
2275,45,Male,Moderate,76,6.1,6,No,9.5,0.6,6.8,Healthy,Moderate,No
2276,40,Female,Moderate,81,2.1,24,No,10.4,2.5,22.3,Healthy,High,No
2277,34,Female,Very Loud,106,0.7,9,No,1120.0,100.8,48.4,Damaged,Low,No
2278,49,Male,Very Loud,109,4.4,17,Yes,440.0,74.8,67.7,Damaged,Moderate,No
2279,30,Female,Loud,93,0.5,14,No,39.7,5.6,25.9,Damaged,High,No
2280,48,Female,Quiet,67,4.0,13,No,0.8,0.1,17.0,Healthy,High,No
2281,51,Female,Loud,87,10.5,15,No,208.3,31.2,63.8,Damaged,High,No
2282,33,Male,Moderate,82,3.3,17,No,20.6,3.5,25.2,Damaged,Moderate,No
2283,41,Female,Very Loud,101,2.6,23,No,1310.3,301.4,54.2,Damaged,Moderate,No
2284,18,Male,Loud,88,2.3,2,No,57.5,1.2,7.9,Healthy,Low,Yes
2285,48,Male,Loud,96,2.7,19,No,428.6,81.4,66.3,Damaged,Moderate,Yes
2286,40,Male,Quiet,70,3.1,24,No,1.2,0.3,5.3,Healthy,Moderate,No
2287,18,Male,Quiet,65,1.8,2,No,0.2,0.0,4.3,Healthy,Moderate,No
2288,18,Female,Quiet,62,0.8,2,No,0.0,0.0,5.5,Healthy,Low,No
2289,38,Male,Loud,90,1.9,11,No,75.4,8.3,34.9,Damaged,Low,No
2290,71,Female,Quiet,68,3.0,7,No,0.7,0.0,7.5,Healthy,Low,No
2291,42,Female,Quiet,74,6.0,23,No,5.9,1.4,15.2,Healthy,Moderate,No
2292,23,Male,Loud,95,3.1,7,Yes,12.2,0.9,11.9,Healthy,High,No
2293,35,Male,Quiet,66,4.9,19,No,0.8,0.2,25.5,Damaged,High,Yes
2294,18,Male,Moderate,83,4.2,2,No,33.1,0.7,18.4,Healthy,Moderate,No
2295,30,Female,Very Loud,110,4.2,14,No,16933.3,2370.7,45.0,Damaged,Low,No
2296,27,Female,Loud,97,0.6,10,Yes,3.8,0.4,16.4,Healthy,Low,Yes
2297,41,Female,Loud,96,4.0,17,Yes,19.8,3.4,15.6,Healthy,Low,No
2298,57,Male,Loud,93,2.5,11,No,198.4,21.8,51.8,Damaged,High,No
2299,35,Female,Loud,93,4.3,19,No,341.3,64.8,63.8,Damaged,Moderate,No
2300,69,Male,Quiet,66,2.0,35,No,0.3,0.1,17.6,Healthy,High,No
2301,39,Male,Loud,98,3.7,4,No,932.3,37.3,52.2,Damaged,Low,No
2302,44,Male,Very Loud,104,3.3,27,Yes,103.9,28.1,63.6,Damaged,Low,Yes
2303,37,Male,Very Loud,114,8.8,12,Yes,2793.8,335.3,52.8,Damaged,Low,Yes
2304,24,Female,Quiet,61,2.3,8,No,0.1,0.0,1.7,Healthy,Moderate,Yes
2305,30,Male,Loud,86,1.5,4,No,23.6,0.9,13.6,Healthy,Low,No
2306,33,Male,Quiet,64,3.6,11,No,0.4,0.0,10.7,Healthy,Moderate,No
2307,62,Female,Loud,94,3.6,29,Yes,11.2,3.2,13.4,Healthy,Moderate,No
2308,38,Female,Moderate,84,2.8,3,No,27.8,0.8,16.5,Healthy,Moderate,No
2309,18,Male,Moderate,84,6.0,2,No,59.5,1.2,7.0,Healthy,Low,No
2310,45,Female,Quiet,60,3.7,4,No,0.1,0.0,12.9,Healthy,Low,No
2311,45,Male,Quiet,62,3.3,15,No,0.2,0.0,4.3,Healthy,Moderate,No
2312,24,Female,Loud,92,2.3,8,No,144.9,11.6,42.2,Damaged,High,No
2313,46,Female,Very Loud,111,1.9,26,Yes,301.6,78.4,73.6,Damaged,Moderate,Yes
2314,43,Female,Moderate,80,3.1,7,No,12.2,0.9,16.2,Healthy,Low,No
2315,21,Female,Very Loud,108,3.8,5,No,9651.4,482.6,45.7,Damaged,Low,No
2316,54,Male,Loud,99,5.2,29,No,1650.9,478.8,67.2,Damaged,Moderate,No
2317,20,Female,Moderate,83,2.9,4,No,22.8,0.9,17.6,Healthy,Moderate,No
2318,28,Female,Loud,89,1.0,12,Yes,1.0,0.1,18.5,Healthy,Low,No
2319,50,Male,Moderate,77,0.7,22,No,1.4,0.3,14.1,Healthy,Moderate,Yes
2320,18,Male,Loud,92,2.6,2,No,163.8,3.3,18.3,Healthy,Low,No
2321,18,Male,Very Loud,114,6.2,2,Yes,1968.4,39.4,52.7,Damaged,High,No
2322,31,Female,Moderate,82,3.7,15,No,23.1,3.5,20.7,Healthy,High,No
2323,43,Female,Quiet,69,9.4,27,No,2.9,0.8,11.1,Healthy,Moderate,No
2324,41,Male,Moderate,83,2.9,25,No,22.8,5.7,32.1,Damaged,Moderate,Yes
2325,34,Male,Very Loud,113,6.6,8,No,53219.1,4257.5,59.3,Damaged,Moderate,No
2326,20,Female,Loud,98,3.9,4,No,982.7,39.3,53.2,Damaged,Low,No
2327,57,Male,Moderate,84,6.7,5,No,66.5,3.3,19.8,Healthy,High,No
2328,54,Male,Loud,95,2.5,14,Yes,9.8,1.4,20.4,Healthy,Low,No
2329,43,Female,Quiet,64,2.7,27,No,0.3,0.1,2.0,Healthy,Low,No
2330,48,Female,Loud,94,7.3,20,Yes,22.8,4.6,20.1,Healthy,Moderate,No
2331,18,Male,Loud,93,1.9,2,No,150.8,3.0,6.6,Healthy,Low,No
2332,51,Female,Moderate,79,4.9,15,No,15.3,2.3,16.9,Healthy,Moderate,No
2333,61,Female,Moderate,77,6.9,10,No,13.6,1.4,31.5,Damaged,Moderate,No
2334,53,Male,Quiet,72,2.7,29,No,1.7,0.5,9.7,Healthy,Low,No
2335,54,Female,Loud,99,5.2,33,No,1650.9,544.8,60.6,Damaged,Moderate,No
2336,45,Female,Moderate,82,3.6,27,No,22.5,6.1,23.8,Healthy,Moderate,No
2337,44,Male,Quiet,66,4.0,27,No,0.6,0.2,6.6,Healthy,Low,No
2338,18,Female,Loud,96,6.5,2,No,1031.8,20.6,35.8,Damaged,Low,No
2339,33,Female,Loud,92,2.4,17,No,151.2,25.7,43.4,Damaged,High,No
2340,44,Female,Very Loud,111,2.3,28,Yes,365.1,102.2,68.7,Damaged,High,Yes
2341,27,Male,Moderate,76,5.7,11,No,8.9,1.0,4.4,Healthy,Moderate,No
2342,19,Female,Quiet,64,3.4,3,No,0.3,0.0,6.1,Healthy,Low,No
2343,35,Female,Very Loud,104,3.8,12,No,3830.2,459.6,69.6,Damaged,Moderate,Yes
2344,28,Female,Quiet,67,5.3,7,No,1.0,0.1,0.7,Healthy,Moderate,No
2345,59,Male,Loud,94,6.9,24,No,690.0,165.6,59.6,Damaged,Low,Yes
2346,36,Female,Quiet,74,2.5,11,No,2.5,0.3,8.6,Healthy,Low,Yes
2347,39,Male,Very Loud,111,5.2,23,Yes,825.4,189.8,65.3,Damaged,Moderate,No
2348,61,Male,Very Loud,110,5.0,22,Yes,630.0,138.6,79.8,Damaged,Moderate,No
2349,26,Male,Very Loud,101,2.1,10,No,1058.3,105.8,57.4,Damaged,Low,No
2350,46,Female,Very Loud,101,4.3,18,No,2167.1,390.1,68.5,Damaged,Low,No
2351,65,Male,Moderate,80,3.1,16,No,12.2,2.0,21.9,Healthy,High,No
2352,29,Male,Loud,97,4.6,13,No,920.0,119.6,68.5,Damaged,High,Yes
2353,36,Male,Loud,86,0.7,5,Yes,0.3,0.0,18.1,Healthy,Moderate,No
2354,56,Male,Very Loud,106,2.7,27,No,4320.0,1166.4,65.0,Damaged,Low,No
2355,55,Female,Quiet,61,4.1,32,No,0.2,0.1,11.0,Healthy,High,No
2356,33,Male,Moderate,77,5.0,2,No,9.8,0.2,9.6,Healthy,High,No
2357,34,Male,Moderate,82,3.2,6,No,20.0,1.2,15.2,Healthy,Low,Yes
2358,34,Male,Moderate,80,2.4,3,No,9.4,0.3,14.4,Healthy,Low,Yes
2359,30,Female,Very Loud,103,3.3,14,No,2640.0,369.6,61.4,Damaged,Low,No
2360,52,Female,Very Loud,104,4.8,33,No,4838.1,1596.6,52.1,Damaged,Low,Yes
2361,37,Male,Moderate,83,5.5,21,No,43.3,9.1,29.8,Damaged,Low,No
2362,31,Male,Quiet,65,2.7,8,No,0.3,0.0,13.5,Healthy,Moderate,No
2363,31,Female,Very Loud,110,4.3,14,Yes,541.8,75.9,69.9,Damaged,High,Yes
2364,55,Female,Moderate,78,2.7,33,No,6.7,2.2,17.5,Healthy,Low,No
2365,18,Male,Moderate,84,5.8,2,No,57.5,1.2,17.9,Healthy,Moderate,No
2366,36,Male,Quiet,68,6.8,19,No,1.7,0.3,0.5,Healthy,Moderate,No
2367,46,Male,Quiet,63,4.3,23,No,0.3,0.1,8.1,Healthy,Moderate,No
2368,32,Female,Moderate,82,4.7,16,No,29.4,4.7,22.1,Healthy,Moderate,No
2369,28,Male,Quiet,63,4.2,7,No,0.3,0.0,7.3,Healthy,Low,No
2370,50,Female,Moderate,77,7.9,32,No,15.6,5.0,26.8,Damaged,High,No
2371,46,Female,Moderate,84,2.1,13,No,20.8,2.7,25.2,Damaged,Moderate,No
2372,71,Female,Moderate,82,4.5,30,No,28.1,8.4,27.9,Damaged,Low,No
2373,33,Female,Moderate,80,4.4,17,No,17.3,2.9,15.6,Healthy,Moderate,Yes
2374,48,Male,Moderate,78,2.9,11,No,7.2,0.8,22.6,Healthy,Moderate,No
2375,27,Female,Quiet,62,1.7,11,No,0.1,0.0,4.2,Healthy,Moderate,No
2376,60,Female,Quiet,66,6.7,4,No,1.0,0.0,18.5,Healthy,High,No
2377,57,Male,Loud,92,6.4,31,Yes,12.6,3.9,22.8,Healthy,Moderate,No
2378,52,Female,Quiet,66,1.4,12,No,0.2,0.0,14.9,Healthy,Moderate,No
2379,58,Male,Quiet,74,2.5,30,No,2.5,0.8,13.4,Healthy,Low,No
2380,53,Female,Quiet,61,7.3,18,No,0.4,0.1,4.6,Healthy,Low,No
2381,49,Male,Moderate,84,3.5,14,No,34.7,4.9,26.8,Damaged,High,No
2382,42,Female,Quiet,62,2.1,26,No,0.1,0.0,9.2,Healthy,Moderate,No
2383,56,Male,Moderate,82,5.4,21,No,33.8,7.1,31.0,Damaged,Low,No
2384,51,Female,Quiet,69,4.1,32,No,1.3,0.4,10.9,Healthy,Moderate,No
2385,38,Female,Quiet,73,7.3,7,No,5.7,0.4,9.0,Healthy,Moderate,No
2386,42,Male,Quiet,72,3.0,26,No,1.9,0.5,4.5,Healthy,Low,No
2387,45,Female,Quiet,73,3.1,3,No,2.4,0.1,-2.7,Healthy,Moderate,No
2388,65,Male,Loud,93,3.1,20,No,246.0,49.2,68.3,Damaged,High,No
2389,44,Female,Moderate,84,6.7,28,No,66.5,18.6,47.8,Damaged,Low,No
2390,41,Female,Loud,86,5.7,19,No,89.8,17.1,51.1,Damaged,Moderate,Yes
2391,24,Female,Loud,87,2.1,8,Yes,1.3,0.1,-4.5,Healthy,Moderate,No
2392,55,Male,Quiet,72,2.6,28,No,1.6,0.4,13.1,Healthy,High,Yes
2393,47,Male,Loud,98,1.7,21,No,428.4,90.0,64.3,Damaged,High,No
2394,46,Male,Quiet,72,2.3,2,No,1.4,0.0,4.5,Healthy,Low,No
2395,46,Female,Quiet,60,5.3,30,No,0.2,0.1,15.3,Healthy,Low,Yes
2396,51,Male,Moderate,76,1.0,18,No,1.6,0.3,11.8,Healthy,Low,No
2397,19,Female,Moderate,76,9.8,3,No,15.3,0.5,5.0,Healthy,Low,No
2398,30,Male,Very Loud,113,3.1,14,No,24996.8,3499.6,50.7,Damaged,Moderate,No
2399,39,Female,Quiet,67,3.0,23,No,0.6,0.1,8.9,Healthy,Moderate,No
2400,55,Female,Loud,98,1.4,15,No,352.8,52.9,52.6,Damaged,Moderate,No
2401,49,Female,Quiet,67,2.4,5,No,0.5,0.0,11.1,Healthy,High,No
2402,56,Male,Quiet,64,4.5,19,No,0.4,0.1,12.4,Healthy,High,No
2403,48,Male,Very Loud,105,2.9,21,No,3682.8,773.4,53.8,Damaged,Low,No
2404,52,Female,Moderate,80,4.2,4,No,16.5,0.7,20.1,Healthy,Moderate,Yes
2405,33,Male,Quiet,65,6.4,17,No,0.8,0.1,3.5,Healthy,Low,No
2406,35,Female,Loud,99,2.7,2,Yes,26.8,0.5,9.9,Healthy,Low,No
2407,40,Female,Moderate,77,5.8,24,No,11.4,2.7,5.5,Healthy,High,No
2408,39,Male,Quiet,73,4.3,23,No,3.4,0.8,7.3,Healthy,Low,No
2409,53,Female,Loud,93,4.9,27,No,388.9,105.0,54.7,Damaged,High,No
2410,43,Male,Very Loud,102,1.9,23,Yes,37.7,8.7,40.2,Damaged,High,No
2411,43,Female,Quiet,64,9.9,14,No,1.0,0.1,-5.0,Healthy,Low,No
2412,42,Female,Moderate,76,7.2,18,No,11.2,2.0,30.4,Damaged,Low,No
2413,64,Female,Loud,90,4.9,11,No,194.5,21.4,59.8,Damaged,Moderate,No
2414,36,Male,Quiet,62,1.5,20,No,0.1,0.0,16.1,Healthy,Low,No
2415,52,Male,Loud,97,5.0,22,No,1000.0,220.0,63.8,Damaged,Moderate,No
2416,35,Male,Moderate,78,2.8,19,No,6.9,1.3,11.4,Healthy,Moderate,No
2417,48,Female,Moderate,84,4.5,14,No,44.6,6.2,22.3,Healthy,Low,Yes
2418,48,Male,Loud,89,5.2,1,No,163.8,1.6,9.3,Healthy,Low,No
2419,40,Male,Quiet,72,1.7,11,No,1.1,0.1,16.9,Healthy,Low,Yes
2420,28,Male,Moderate,84,3.5,12,No,34.7,4.2,28.3,Damaged,Low,Yes
2421,48,Female,Moderate,79,2.0,31,No,6.2,1.9,9.7,Healthy,Low,No
2422,46,Male,Moderate,84,4.4,24,No,43.7,10.5,30.0,Damaged,High,No
2423,39,Female,Very Loud,111,2.1,5,No,10667.3,533.4,66.4,Damaged,High,Yes
2424,41,Male,Loud,89,6.4,15,No,201.6,30.2,48.3,Damaged,Low,No
2425,38,Male,Quiet,62,4.2,1,No,0.3,0.0,5.3,Healthy,Moderate,No
2426,77,Male,Quiet,61,7.4,11,No,0.4,0.0,22.9,Healthy,Low,No
2427,36,Female,Moderate,82,4.4,20,No,27.5,5.5,23.4,Healthy,Moderate,Yes
2428,20,Female,Loud,87,5.0,4,No,99.2,4.0,14.4,Healthy,Low,No
2429,19,Male,Quiet,61,0.9,3,No,0.0,0.0,4.8,Healthy,Low,No
2430,53,Female,Loud,88,2.3,4,Yes,1.8,0.1,8.7,Healthy,Moderate,Yes
2431,18,Male,Moderate,81,2.3,2,No,11.4,0.2,11.7,Healthy,High,Yes
2432,51,Female,Quiet,72,6.1,29,No,3.8,1.1,10.7,Healthy,Moderate,Yes
2433,35,Male,Moderate,84,1.5,19,No,14.9,2.8,15.3,Healthy,Low,No
2434,45,Female,Quiet,62,3.1,15,No,0.2,0.0,8.7,Healthy,Low,Yes
2435,42,Female,Moderate,77,0.7,3,No,1.4,0.0,14.8,Healthy,High,Yes
2436,55,Male,Very Loud,114,2.0,13,No,20318.7,2641.4,72.4,Damaged,High,Yes
2437,35,Female,Quiet,73,1.9,18,No,1.5,0.3,10.0,Healthy,Low,No
2438,41,Male,Loud,98,5.7,21,No,1436.3,301.6,63.7,Damaged,Low,No
2439,29,Male,Loud,86,6.2,13,No,97.6,12.7,23.1,Healthy,Low,No
2440,18,Female,Very Loud,114,6.6,2,Yes,2095.4,41.9,61.8,Damaged,Low,No
2441,60,Female,Loud,87,6.6,6,Yes,4.1,0.2,11.4,Healthy,Low,No
2442,21,Female,Quiet,71,4.8,5,No,2.4,0.1,4.3,Healthy,Low,Yes
2443,50,Female,Very Loud,114,1.4,33,No,14223.1,4693.6,63.5,Damaged,Moderate,No
2444,56,Male,Very Loud,112,4.5,8,No,28800.0,2304.0,67.3,Damaged,Low,No
2445,47,Female,Loud,95,2.9,26,No,365.4,95.0,66.2,Damaged,Moderate,No
2446,28,Female,Quiet,74,3.1,7,No,3.1,0.2,11.5,Healthy,High,Yes
2447,66,Male,Loud,93,3.1,17,No,246.0,41.8,53.7,Damaged,Low,No
2448,25,Female,Moderate,82,4.5,9,No,28.1,2.5,22.2,Healthy,High,No
2449,57,Male,Moderate,79,2.2,33,No,6.9,2.3,26.1,Damaged,Moderate,Yes
2450,60,Female,Quiet,71,4.8,19,No,2.4,0.5,19.6,Healthy,Low,No
2451,23,Female,Very Loud,113,2.7,7,No,21771.4,1524.0,55.8,Damaged,Low,No
2452,53,Male,Loud,94,3.2,8,Yes,10.0,0.8,8.2,Healthy,Low,No
2453,30,Female,Quiet,66,6.6,14,No,1.0,0.1,-5.0,Healthy,Moderate,No
2454,50,Male,Quiet,71,3.0,32,No,1.5,0.5,10.4,Healthy,Moderate,No
2455,18,Male,Quiet,73,5.4,2,No,4.2,0.1,10.8,Healthy,High,No
2456,70,Female,Quiet,65,1.5,22,No,0.2,0.0,11.8,Healthy,Moderate,No
2457,54,Male,Very Loud,102,2.8,35,Yes,55.6,19.5,51.3,Damaged,Low,No
2458,45,Male,Moderate,84,3.9,21,No,38.7,8.1,27.1,Damaged,High,No
2459,39,Male,Quiet,63,2.1,23,No,0.2,0.0,7.2,Healthy,High,No
2460,66,Female,Quiet,74,2.0,22,No,2.0,0.4,14.5,Healthy,Moderate,No
2461,52,Female,Loud,93,1.6,23,No,127.0,29.2,48.7,Damaged,Moderate,No
2462,50,Female,Quiet,68,1.2,19,No,0.3,0.1,15.0,Healthy,High,Yes
2463,39,Female,Very Loud,111,5.8,23,No,29462.2,6776.3,56.3,Damaged,Low,No
2464,40,Female,Moderate,81,1.7,10,No,8.4,0.8,7.5,Healthy,Moderate,No
2465,43,Female,Quiet,68,5.5,1,No,1.4,0.0,7.5,Healthy,Low,No
2466,32,Female,Loud,95,3.3,16,Yes,13.0,2.1,10.6,Healthy,Moderate,No
2467,48,Female,Very Loud,104,2.4,4,Yes,75.6,3.0,27.0,Damaged,High,No
2468,71,Male,Quiet,67,2.6,6,No,0.5,0.0,9.6,Healthy,Moderate,No
2469,53,Male,Quiet,74,5.4,16,No,5.3,0.8,26.3,Damaged,Moderate,Yes
2470,57,Female,Moderate,84,1.8,35,No,17.9,6.3,28.2,Damaged,Low,Yes
2471,52,Female,Moderate,78,3.6,6,No,8.9,0.5,26.7,Damaged,Low,Yes
2472,80,Female,Quiet,69,1.2,24,No,0.4,0.1,10.9,Healthy,Moderate,No
2473,38,Female,Moderate,82,3.9,22,No,24.4,5.4,34.8,Damaged,High,No
2474,18,Male,Loud,99,4.9,2,No,1555.7,31.1,45.7,Damaged,Low,Yes
2475,18,Female,Very Loud,104,2.7,2,No,2721.4,54.4,47.8,Damaged,High,No
2476,38,Female,Loud,87,4.3,12,No,85.3,10.2,27.6,Damaged,Low,No
2477,50,Female,Moderate,83,3.3,26,No,26.0,6.8,32.5,Damaged,Moderate,No
2478,62,Male,Moderate,81,1.1,7,No,5.5,0.4,17.5,Healthy,High,No
2479,24,Male,Very Loud,107,2.4,8,Yes,151.2,12.1,33.7,Damaged,Moderate,No
2480,38,Male,Moderate,84,2.2,11,No,21.8,2.4,13.5,Healthy,Low,No
2481,68,Male,Quiet,63,10.5,19,No,0.8,0.2,4.6,Healthy,Low,No
2482,22,Male,Quiet,74,7.7,6,No,7.6,0.5,16.5,Healthy,Moderate,No
2483,32,Male,Loud,97,2.0,16,No,400.0,64.0,59.3,Damaged,Moderate,No
2484,41,Male,Loud,97,1.9,25,Yes,11.9,3.0,20.0,Healthy,Moderate,No
2485,30,Female,Moderate,80,2.6,14,No,10.2,1.4,20.7,Healthy,Low,No
2486,45,Male,Loud,90,5.8,23,No,230.2,52.9,58.6,Damaged,Low,No
2487,18,Male,Loud,99,0.8,2,Yes,7.9,0.2,1.6,Healthy,Moderate,No
2488,34,Male,Quiet,71,1.9,17,No,0.9,0.2,8.9,Healthy,Low,No
2489,35,Female,Moderate,76,1.0,19,No,1.6,0.3,6.5,Healthy,Low,No
2490,59,Male,Moderate,80,1.7,29,No,6.7,1.9,12.4,Healthy,Low,Yes
2491,52,Male,Loud,96,12.0,12,Yes,59.5,7.1,27.1,Damaged,High,No
2492,53,Male,Loud,99,7.6,35,No,2412.8,844.5,72.2,Damaged,Moderate,Yes
2493,28,Female,Loud,95,3.6,9,Yes,14.2,1.3,4.0,Healthy,Moderate,No
2494,63,Male,Loud,91,1.7,4,No,85.0,3.4,26.0,Damaged,Moderate,No
2495,41,Male,Quiet,70,4.0,25,No,1.6,0.4,8.8,Healthy,Low,Yes
2496,63,Male,Loud,93,0.8,2,No,63.5,1.3,16.0,Healthy,High,No
2497,20,Male,Moderate,81,2.9,4,No,14.4,0.6,12.1,Healthy,High,No
2498,26,Female,Moderate,80,8.1,3,No,31.9,1.0,4.2,Healthy,High,No
2499,33,Female,Very Loud,110,2.4,17,No,9676.2,1645.0,61.5,Damaged,Moderate,No
2500,64,Male,Moderate,80,4.5,20,No,17.7,3.5,20.6,Healthy,Moderate,Yes
